8.113534375195746370e-03,2.118095614366271445e-02,-1.626044233465613262e-02,1.856952008114179029e-02,-5.123019488489781448e-02,-1.279810739396153177e-03,3.332179253916917050e-02,9.560715077813867341e-03,2.487031080647566540e-03,1.314385825960491354e-02,-8.657401193277265705e-02,-7.444379366451018935e-03,2.450665205233972660e-02,3.347235560708725077e-02,-1.666183597827666785e-02,-2.596215953176513221e-03,-1.419261650330124087e-02,1.567887085783892936e-02,9.076698504210839111e-03,2.491715121864769220e-02,1.725208970817638729e-02,-5.692210590517911978e-02,-5.818635695379906214e-02,-5.000370133564088250e-03,4.074117593915611499e-03,-2.205446403972789911e-03,-4.708265307136889379e-03,-3.413321240571740023e-02,-3.591140349851829061e-02
3.998436777622348115e-02,-1.964162998849621616e-02,7.765592768962247157e-03,-7.901665103881625948e-03,-4.769978712117380060e-02,4.612569638752955781e-02,4.404225090050693098e-02,1.161767219580024310e-02,3.613739510883681727e-02,4.875463607094481649e-02,2.876801241643561421e-02,-8.442275322103677884e-03,1.266540728729114752e-02,-1.667404702696098986e-02,3.682447949332160603e-02,6.862874305483569748e-02,-2.805425322642915789e-02,5.075469537413397625e-02,5.015887464911774479e-02,3.264208205554168518e-02,4.075842386263838629e-02,1.780875358480345574e-02,2.646256738231008224e-02,2.183640388945356364e-02,5.893309652309405150e-02,6.751877863914015898e-02,3.730750973407637866e-02,-5.807213457276420854e-02,-5.119491997820811019e-02
-1.948484508463274242e-02,6.181614372769732822e-03,-1.347168935322680741e-02,-8.010933349764713315e-03,3.034555393984329080e-02,1.258200226955897985e-03,-2.223869115524402043e-02,-2.517569001357262970e-02,3.625600671385066556e-03,1.443803949220883592e-02,-7.724617317892729096e-03,-2.297862928152589850e-03,-1.580370427809659264e-02,-8.737875119073520123e-04,1.116478202033377963e-02,-4.511841024221511891e-03,1.300066985366748855e-02,3.974134768295014240e-03,-1.064230012741789258e-02,6.150423724295339331e-03,-2.254716551243456622e-03,1.298359833469695142e-02,3.014893440319277654e-02,-2.010845860766935847e-02,8.657889836900757238e-03,-2.795693758024556455e-03,-5.293926904241549707e-03,-4.249058854246190453e-02,-3.966715073401791414e-02
9.186863696938138034e-04,1.119526063428864099e-02,-9.281785346967679276e-03,-8.738749884682256788e-03,9.715693655677154136e-03,-8.791260271212974348e-03,-7.423175649111452695e-03,-2.191205635194871590e-02,-7.219405928024156573e-03,2.707478884367103562e-03,2.525364326270516241e-02,7.569501222935976284e-03,1.127235830655935571e-02,-6.876314079207953255e-03,1.939810557869105169e-04,-1.028561656921503711e-02,6.860499941699186449e-03,7.818523295486995081e-03,-1.785645315892858687e-02,-5.289677449205164826e-03,2.057491515062920967e-03,4.717335837620646906e-03,6.657110063782801894e-03,-1.395204272132071453e-02,-6.437710381465241473e-03,-2.506485825395848507e-02,-1.570516731388684958e-02,-1.230856463309138414e-02,-1.797876252261863123e-02
-6.132745925571261338e-03,9.524343749942477261e-03,4.747104184920870884e-02,4.069686181911119638e-02,-3.164773707290075705e-02,4.538960942034722668e-02,7.715470992951916750e-04,1.075065137937491477e-01,1.744743874053242272e-02,-3.017751257623411676e-01,5.514870264932663496e-02,6.279975234305380793e-03,-6.715135520280909875e-02,5.769699760035673641e-02,-4.351381638912363986e-02,7.720918612346899801e-02,4.541985661177334183e-02,1.651445539770260429e-01,1.060604772980695831e-02,1.807051720573703280e-01,6.266762275648013469e-02,-2.299674419413162349e-02,2.121449339289507505e-02,7.415171617002519477e-02,2.444379257637697977e-02,-3.267874348776930726e-02,1.117940296469666084e-02,4.410171486779516231e-02,1.511731734188505837e-02
8.885770446092632058e-02,1.675232311743166808e-02,-6.906295141902852111e-03,-2.066111800761217046e-02,4.329171750769177790e-02,-3.220432121325638407e-05,-2.315482484603830632e-02,7.362954529623134958e-02,1.033206715611746651e-02,-2.376966047118441450e-01,4.406929435164008702e-02,8.218398513184297163e-03,1.944206814541918002e-02,1.886506408318971290e-02,-3.525290912975683269e-03,3.016166103636678808e-01,-1.444242676776652176e-02,5.766882331695861313e-02,2.588448524555182068e-02,5.130137995124204459e-02,4.298866923189096495e-02,-4.269584964780444650e-03,4.554709558371602268e-02,2.972414131504788615e-02,2.044991035961633147e-02,-1.308623330601557493e-03,-8.148049442551430488e-03,1.001311692575612700e-02,-1.504511278061200844e-02
1.680880270247101793e-01,5.581559420023890494e-01,9.457320573086075086e-03,-1.089331745197545318e-02,5.208838512675795923e-02,1.966992834749829375e-02,2.599561187034568066e-01,-1.611764152572045250e-01,3.824528334278426422e-02,2.675421598168664997e-02,6.721883481303804475e-02,1.049855202221194363e-02,9.386837343448321824e-02,-4.778629650879162583e-02,5.363932004723159785e-02,-1.061550449415089997e-01,-6.733448900569660722e-02,-2.927808921348486193e-02,-2.298338842509944566e-02,-3.866307265202744703e-01,-5.237007791708885723e-02,5.608836602372812008e-01,1.508995223243966323e-02,-5.890527484416217124e-02,-4.038416396045448054e-02,4.826058648205434204e-02,6.234536179198326040e-03,8.601088348715608678e-01,2.658512479290624925e-02
7.228069250669601556e-03,1.738046184151142634e-02,-8.860111004031495999e-03,-4.464409613724418420e-03,1.848225341308608674e-02,-1.408267136301735679e-03,-1.203662754120914460e-02,-3.000464494206971783e-02,1.017555803067178230e-02,1.694592938634635615e-02,-1.332569521864254876e-02,6.043408862621152140e-04,-2.014259993166384738e-02,1.089500153612185662e-02,-2.864165293875030327e-03,-2.010802040196481462e-03,3.079359577376142819e-03,-5.499921436203082832e-03,-3.320272174778115138e-04,7.275103952638866008e-03,-6.967379321488490450e-03,7.464567529770128884e-03,2.156140175324280234e-03,-2.122605402323816948e-02,1.527348161660408918e-02,-2.063232734059119826e-03,-6.514834044707197742e-03,-2.477785904512173204e-02,-2.338745499422790683e-02
1.864385778197973770e-02,2.286524224925361171e-02,4.610190924476902270e-03,1.360969224816881151e-02,-1.817957124797468793e-02,9.169591397329505608e-03,3.529404204542602175e-02,-6.020436416960384292e-03,1.122460392306143988e-03,2.265899416724668353e-02,-1.835085966171135993e-02,-6.439814392784503141e-03,-7.712281668333454202e-03,2.226501331941568504e-03,-1.424536656823233681e-02,-4.665269362009736090e-03,-2.295166348854362891e-03,8.005603608952423234e-03,1.279826592398292627e-02,-4.037897180185696586e-03,-1.370652060593273783e-02,-3.261697020628484545e-02,-1.119801641148357972e-02,-8.245717486435495680e-03,4.276329700972317238e-03,9.479882886290724698e-05,6.594739054645273185e-03,-5.047106695412481581e-02,-4.777158584568348687e-02
-2.913204434024480038e-02,3.071788359942873459e-03,-1.733464797076273226e-02,1.633896705386169226e-02,-6.094564849130330170e-02,-4.567752054111799687e-03,2.649241096355805722e-02,2.649426528732142655e-02,-1.951003534545292864e-02,8.361855760802353044e-03,-8.405253225500809722e-02,-7.138757839497359564e-03,1.314440786325869921e-02,2.129036546603227734e-02,-1.057460302931981233e-02,7.211634011486030629e-03,-1.446172023477062044e-02,7.491430962010298122e-03,-1.332435087328898322e-03,2.277915791533720313e-02,1.274110191678724628e-02,-7.613770602185966629e-02,-4.877040488753515285e-02,-4.915365149496699407e-03,4.221734319029308603e-03,-5.025551537142468154e-03,-7.173857312490529610e-03,-7.905310213513405335e-03,-1.195218835683238383e-02
2.644514876604720302e-02,4.120756058957233514e-05,-2.305046745715989137e-02,-1.319719701312362277e-02,1.800446104169163911e-02,-1.213232892464967752e-02,-7.026348511055980489e-03,-3.292086186357556787e-02,6.706407913382280567e-03,1.899276200031572298e-02,-1.333267096721501600e-02,6.845921728206068833e-03,-2.711129879998395303e-02,-2.868517134767953683e-02,-1.282123757955224569e-02,-1.371087879327262393e-02,1.318273466896929987e-02,9.879200074649709465e-03,5.150834678994994746e-03,1.050250671822704034e-02,-2.931665564090980836e-02,2.226271339968367152e-02,4.844854783417881089e-02,-2.303255874181411172e-02,1.337988258801327962e-02,1.267394681356936136e-02,-1.197409942194675378e-02,-2.726096771112956549e-02,-2.942523474982758694e-02
-1.635830303420392554e-03,-4.994974098256012990e-02,-9.217806671806841323e-03,-2.668774555946343274e-02,1.534558152728995872e-02,-1.567131230959343050e-02,1.696059783795870329e-02,-4.779976909678934627e-02,-9.366622725873930853e-04,1.281444355032526454e-02,-3.698009431545643683e-02,-1.898445307120047399e-03,3.298434350000763876e-02,-1.306378673614637777e-03,1.915848281760242078e-01,-2.948797810590939386e-02,-1.967023171726240208e-02,3.941060949679853903e-02,1.494696103760368919e-02,2.195865897599722991e-02,-1.242345010371699067e-02,2.308663141508140657e-02,2.347024951131063131e-02,4.460663194669681328e-04,2.447733508457867330e-02,6.683622320902925500e-04,-2.677255799128310746e-03,-5.736551696952594398e-02,-5.038986473110761838e-02
2.509150554903714220e-02,4.318190485567655057e-03,4.544200446650345504e-02,3.381914798244683301e-02,-1.010454544114360725e-02,4.616673077233950789e-02,2.807679954435207334e-02,1.271021485990558031e-01,1.300865924021596398e-02,-2.641508858748702337e-01,7.672886292309499812e-02,5.558048791108733538e-03,-3.761226632820592608e-02,3.822392357854378919e-02,-3.088911423387334654e-02,7.905329326150609126e-02,2.126693373088137107e-02,6.292292931236859177e-02,2.793643723427810879e-02,1.966670567000477210e-01,5.932171352579309470e-02,-4.516946467050184967e-03,3.908317673245427504e-02,6.003126436946754768e-02,3.506797232567581551e-02,-1.408400728204015767e-02,1.429867127832845988e-02,3.391101006933292666e-02,6.264465219281291353e-03
2.734871487334204418e-02,3.363785056283846719e-02,-5.113696504825376854e-03,5.835720349830412004e-03,-2.258737850435520444e-01,-4.589348358558323696e-03,2.968649134040631313e-02,4.521312770912370993e-02,-1.803519750796463150e-02,4.927881116091482883e-02,-2.612093727880921423e-01,-1.037268244989312735e-02,3.691273675782962005e-02,2.991877036499314066e-02,-1.012189894291331584e-02,4.938372848591088271e-02,8.772327478454423552e-03,4.704783617704344501e-02,-1.178466242045101212e-02,4.504637544541056221e-02,6.419490208893079836e-03,-3.870292541326646879e-02,-1.828105396026019278e-03,6.885014941017894314e-04,1.871718268484618211e-02,3.727117826104960324e-03,-9.062728223971847075e-03,-9.997492917623776454e-02,-1.003024580732021498e-01
-1.771676082009386241e-02,1.435982512723074644e-02,-1.546514432345870785e-02,1.105367984970477731e-02,-3.481800813232117237e-02,-7.643897699689668375e-03,2.206049918673739368e-02,2.589992465325201970e-02,-1.090506922628481888e-02,1.233056260480978709e-02,-6.552720231819747498e-02,-3.881713482414376852e-03,1.891845998531842613e-02,2.594385825267381609e-02,-5.774839754434173481e-03,4.758172595879983126e-03,-1.047103269017802922e-02,8.950984985426223631e-03,6.780382215116730581e-03,1.812383100515899126e-02,9.825897822743666701e-03,-5.291469803128357602e-02,-4.027482142897263057e-02,-9.620750679945277994e-03,1.142428879128821843e-02,-1.982291746042252455e-03,-8.180087741891575032e-03,-6.041242474476261719e-03,-9.552618534718251148e-03
2.334495359293680111e-03,-2.675049588840534907e-04,7.945168669151750351e-03,-6.059374445367438078e-02,-3.410500793029908051e-01,3.930408396618201988e-02,5.969332865843217373e-03,-5.895656119522962174e-02,1.658267995475693965e-02,4.346035550617349114e-02,-4.395727983055681964e-02,-1.161384576299729493e-02,-4.381281551773830163e-02,5.674148054785283640e-02,-3.576385092608128698e-03,2.648127226979963070e-02,2.478454199901707761e-02,2.124156867973232277e-01,-2.238842027109068378e-02,3.383855233654895628e-02,3.117577418113370163e-02,-5.960825943515760811e-02,-4.365112349181603235e-02,1.723739639302691862e-02,2.622143074694914186e-02,-2.596770844977779047e-02,1.965195284090489464e-02,-5.111673629274994524e-02,-3.929031891408491656e-02
-1.566007576662275039e-02,-1.357483591405371504e-02,-2.638047578853443612e-03,-1.791428786974936030e-02,2.402785788815344284e-02,-9.785392577825959351e-03,-4.731130934031847757e-02,-4.533101933392726796e-02,1.868362104974776415e-03,-9.549058454848383809e-03,1.691489436358417295e-02,2.169888244929890631e-03,-2.531067820726788306e-02,-3.281501549184950156e-02,7.060720402775791382e-03,-7.539127989907277311e-03,-2.658736433780267347e-02,-4.959887386863867653e-02,5.261585383280279957e-03,-9.670311541904919386e-03,-7.097141151945681251e-03,5.701039169272362206e-02,8.018615917202485607e-03,-7.015769489053128548e-03,-6.907075624122467616e-03,9.054183781414643431e-03,5.606308777211697295e-04,-1.892092667443296891e-02,-2.032474585774736095e-02
-1.505615755265782112e-02,3.229500737027870411e-02,-1.799609520032396590e-02,-1.819808175206956771e-02,4.823622425727608354e-02,-2.556680984981540491e-02,2.013548730688137847e-02,1.496762749870444650e-02,-9.609423524816237960e-03,1.221575253262790171e-02,-3.980878489963535910e-02,-1.341067876044775174e-03,1.341239900230674874e-02,-5.888729073317922058e-02,7.442287984466885303e-03,-5.431949930404002952e-02,-2.224203242291295651e-02,9.358147903221054192e-03,8.019625682219949647e-03,-1.288096404369297801e-02,-8.268178937468766837e-03,-1.087094354398097983e-04,1.094767553972319195e-02,-5.339722217111942532e-02,1.845613865145810314e-02,-1.848328949381079431e-02,-4.451014779324444920e-03,-8.032752738403250992e-02,-7.298411862109280279e-02
7.163081881533203688e-02,-3.060101852807068853e-02,-3.583467888461072670e-02,-3.616512582888379169e-03,-1.361692881143747834e-02,1.125949311110879640e-02,1.884753593682983105e-02,-9.512193467496696253e-02,7.762513522216088480e-03,5.238517863581535622e-02,-8.112032755758842584e-02,-2.940825596475478074e-02,4.971443505291666537e-02,3.881954653731690963e-02,1.892564722552162208e-03,-1.228964683165504126e-02,-4.880827279803362506e-02,4.763162175882406507e-02,-2.499938120306979816e-02,6.647518252143823358e-02,2.207870042385104772e-02,-9.229196466461531134e-02,-5.359373837274176988e-02,-3.043834451469767596e-02,4.810574765750488813e-03,9.681911427054056690e-03,-7.658905974306997634e-03,-7.008119567768059111e-02,-6.777434935464267396e-02
4.910674876590170185e-02,4.660698654052670975e-02,-1.008608907191129410e-02,1.399154290656617200e-02,-2.142890725839225186e-01,1.697241260131845259e-03,4.172539847388698209e-02,3.713692434641823609e-02,-1.717148892997858237e-02,6.348142202161086156e-02,-3.125952395993018551e-01,-1.890658111039736702e-02,5.249774833883624064e-02,4.759824057194388808e-02,-9.437107463444512068e-03,5.207709760908067753e-02,9.923560334325232102e-03,5.811085889618768097e-02,-1.278962552533570787e-02,5.773699528841490930e-02,2.396970833698957790e-02,-5.807005317936902999e-02,-2.623463194126524067e-02,-1.136140737722917543e-02,2.680291702671527138e-02,1.054525187016883483e-03,-4.417936124648560482e-03,-1.212906219273422875e-01,-1.212643872073956575e-01
3.921619590818756218e-02,-4.149375661335268084e-02,7.660953928027874893e-03,-8.660383290744647772e-03,-6.700383713709605164e-03,1.815947047798054381e-01,3.429495318517342128e-02,-1.071069882877763307e-01,3.242746480523102381e-02,4.936978120518225044e-01,-2.632020857982073081e-01,-2.603827142927994664e-02,-3.925282887789798697e-02,-1.101511845682933387e-02,-1.112377055988668676e-03,-4.508028353518400144e-01,-3.432571281880916758e-01,1.665127180825787256e-01,5.847181693896492949e-02,1.760397246984683750e-01,6.795003694768989022e-02,3.893510231222079010e-03,1.728344450319194980e-01,-2.754077974919754562e-02,4.177446852867992833e-02,-4.058733163011500481e-04,4.074500343332611296e-02,5.034027823991877870e-01,2.613701587895967890e-02
8.438713406187513255e-02,5.772452854722162630e-02,1.220244279227197109e-02,3.564315215279153203e-03,2.287730509493319901e-03,2.821765638921403321e-02,3.475616773768650664e-02,5.850053213946042330e-03,2.557868003156688400e-02,8.411401983397211179e-02,9.723859485599743724e-02,4.534986862628849827e-03,8.833096126338238832e-03,6.267647159102140986e-02,2.207444104011165031e-02,4.299325878054913175e-03,1.034661891995616347e-03,1.751238518572556177e-02,1.546804378756453865e-03,2.050132448756492552e-03,4.704711847950204806e-02,4.770082176530052870e-02,3.656494125555663499e-02,1.931555102966709108e-03,1.623019762472994315e-02,2.362184861986739437e-02,1.797445925952712367e-02,-8.980882616146174113e-02,-8.080160284828712125e-02
4.615470358700300701e-02,1.734152111497071769e-01,-4.841566973097138210e-02,-1.662053783799959106e-02,-2.386586198619737240e-02,-2.133155165982072565e-03,9.090855889315921368e-02,1.596823377976001185e-02,5.694537318650796931e-02,1.353154643021285653e-04,3.872393475739758228e-01,3.343072996810514397e-02,8.265134270183566167e-02,-8.362421120536034369e-02,6.167055368994799058e-02,-4.040505673598109027e-02,-8.530803242067185044e-02,-6.360428390141589783e-02,5.137262156131594537e-02,-1.243860256033982592e-01,8.284915170977862411e-03,5.337337829299270558e-02,3.581820250010746276e-02,-1.924913106152944045e-02,3.053251897457359698e-02,7.875867368899902576e-02,7.976845421736629763e-03,1.247105046094326292e-01,1.252318642219027167e-01
4.244376005917519651e-02,9.674332475703480844e-03,1.173130175037544534e-02,1.576755211349986641e-02,6.530584043540700427e-03,3.029226076843737764e-02,3.458317961071594865e-02,6.987534682357937621e-02,7.173282388857268876e-03,-2.168931333688984830e-01,3.601830895924384990e-02,3.901076202335958167e-03,-1.229036118823619884e-02,7.778649011717143208e-03,-2.592965804904753119e-02,3.280432399449763059e-01,1.059691119785140072e-02,3.923145208992374205e-02,-4.337242864680974225e-03,2.986888429832908198e-02,4.306962944621827577e-02,-2.009192992917030809e-02,2.464098424184948954e-02,3.434661083998625380e-02,1.190085791645023074e-02,-4.793418532702083644e-03,1.023056322509188418e-02,-5.685744033382775231e-03,-1.910324784036582582e-02
2.521022041046682566e-02,3.637132964840647520e-01,4.285305104329813555e-03,4.437729058237235846e-02,-5.243926353146409480e-02,5.909984705443967201e-02,4.393038465949483662e-01,-2.132896494073076299e-02,-2.755061974765629640e-02,1.114513889137279910e-02,3.755149170917658763e-01,2.675901287742967274e-02,4.236684454773985420e-02,-3.006608686864008576e-02,2.556950190913481746e-01,-4.724719579921924373e-01,-4.287476851743070999e-02,-9.493007538986424076e-02,-1.132417700948702526e-02,-2.356055213080715527e-01,-3.881014747814224425e-02,3.522723653168630120e-01,-1.212679810806195461e-02,-2.011909048500443511e-02,-2.330427490617945421e-02,4.706905581542734224e-02,2.559815383513533091e-02,5.873868755043278878e-01,1.667459049268174565e-02
1.523883008085458006e-02,1.831574783372260165e-02,-1.802645685406479084e-02,-2.486707766292238497e-02,8.702719720971292469e-03,-1.627922152295405156e-02,9.029707763239859866e-03,-1.812148517754115853e-02,-8.828727578185468008e-03,1.339313452352805349e-02,1.921619791805501132e-02,1.291679881446588206e-02,4.709618353003347524e-02,-4.936804434706945632e-02,1.185214919025309168e-03,-4.564798744988725343e-02,-2.958117603712477617e-02,4.886284925726957183e-03,-2.109472754290390648e-02,-1.639024147407107043e-02,-7.536858058312272124e-03,-1.434473996181263346e-02,2.232376539299409796e-02,-2.538121011217317827e-02,1.732309061498913619e-03,-2.057115733039377448e-02,-1.874622262081498264e-02,-3.346973864817393701e-02,-2.872339393656574841e-02
-8.175268794809805936e-03,-2.664238033129413818e-02,-1.732689779196311050e-02,1.621157706280453858e-01,-3.257383394935602361e-01,-1.780771759740999369e-02,5.927376867651427961e-03,8.246383439667259729e-02,-4.731962035674816547e-02,4.439368099280376068e-02,-3.201664959273039512e-01,-1.955243651995136264e-02,7.689459277468924103e-02,7.152461927310842238e-02,1.856061192293779680e-02,4.923400853983529724e-02,2.964207917435464357e-02,7.893060860842673887e-02,-5.945513849952580032e-02,2.731398361798948460e-01,2.178711512829088759e-02,-3.296949053164519028e-01,-3.564098995270018055e-02,-1.783771429196615299e-01,7.538267776303260448e-02,4.881471886539138182e-03,-1.285435236035812057e-01,-4.411511717664778898e-01,-1.965626745756441848e-02
1.559366790998010892e-02,-1.424191581041885958e-02,-3.562158275399933405e-02,-1.028754747903870559e-02,-3.201010076250804248e-02,3.198800220445514875e-02,3.236952014939012412e-02,8.696593065080421292e-02,-2.072082351171068357e-02,1.873325331033784957e-01,5.628830361983596514e-02,2.258496953717654271e-02,-1.221164116762376781e-02,-1.864990013931460550e-02,2.759497140223192077e-03,-1.085868902602504377e-01,1.905108852853037993e-02,-3.232501186934042675e-02,-3.989942662513878274e-02,-2.662413178833297062e-02,9.334626380706013971e-03,1.473642027718204649e-02,3.510842017377607815e-02,3.028196941542852377e-02,3.468541982435373316e-02,-2.006523864415800038e-02,-2.688863295140897069e-03,1.181162221666145345e-01,1.127495776518415288e-01
4.982392989880466555e-02,3.170941301786082966e-02,3.408288117602840256e-02,4.820441993851854400e-04,-2.391912732113996650e-04,-1.544312934207047773e-02,3.211301902668245445e-02,5.887578735354785653e-02,3.072466494273210641e-02,2.472949742777377433e-02,3.170428027482391498e-02,-8.893382730441485098e-03,-5.537372544977364926e-03,-1.790236433523723428e-02,-2.272372676729814828e-02,4.868046737134185120e-02,2.173277316059821218e-02,5.498897092751780374e-02,2.302627294888419385e-02,2.946996865688010156e-02,1.421147943523816924e-02,6.984930946234592375e-02,6.191881659674397520e-02,-2.183662317783292524e-04,2.913837283558747340e-02,8.355194874948944708e-03,1.748544982490097405e-03,-8.530875977952934175e-02,-7.966099754793781740e-02
4.354870040456236546e-02,3.792323082234894810e-02,3.894771191113663086e-03,1.895009691918238259e-02,-4.849402075929333186e-03,5.663785921241281350e-04,3.401246508905521326e-02,8.175074690052823445e-02,-1.364807044490288536e-02,1.718591928703619778e-02,5.682539978286275245e-02,1.205875075298937400e-02,7.825179045820345597e-03,1.836185157671450059e-03,-2.248774696552883687e-02,-4.797247042754988061e-02,4.797178505904707568e-02,-1.287241158564829402e-03,-1.374459346506252694e-03,-3.230857136496729457e-03,1.269909923099404002e-02,-2.679581913614939928e-02,1.226153809965741838e-02,9.464520220483732538e-03,-2.257944520955367657e-02,-3.097908760026866701e-02,7.174760174901897297e-04,2.641295038124960928e-02,2.236046000114436105e-02
1.027535376105893038e-02,6.152813884702389852e-02,-4.011771456761271080e-03,-1.029069979245664755e-02,-3.658214370697549823e-03,-3.304061524166547714e-05,-1.819718218310295565e-02,-4.125213478876615242e-02,1.737937075939354967e-02,3.644934068214352590e-02,5.900499557831540010e-02,3.608807952404985506e-03,3.995770928477935212e-03,2.538281868584861198e-02,1.267757583772600311e-02,-1.064797812147398950e-02,4.313326178870299787e-02,-2.210918521571933124e-02,-1.805533377223266303e-02,-4.188445059628936873e-02,-3.133037665158579926e-02,-5.817004552385699433e-03,-2.461910355673663231e-02,-1.316558381902662757e-02,-2.617986153941120539e-02,-2.479896563585812577e-02,4.440426037961900038e-03,-9.854581425215755419e-02,-9.007395213338512119e-02
4.213058562830507975e-02,1.801566189321129538e-02,-7.393585983338054257e-04,-4.847831318979587897e-03,2.248129391423428491e-02,4.666755872348681868e-03,3.850279898557299602e-03,1.771859987991218112e-04,-3.536262203256588729e-03,1.711384594077133836e-02,9.157609741929587793e-03,4.190791575091423402e-03,1.589241584008998023e-02,-4.447563455544710498e-02,3.040966738214352996e-02,3.788295226034210563e-03,-3.099229839313362780e-02,1.331544369993286313e-02,8.794294162790861763e-03,8.730716688148126500e-03,-6.257535371829358803e-03,4.820931411728116706e-02,1.839426112474177796e-02,-1.217257653714065406e-02,2.038353552568477473e-02,1.686886290894272500e-02,8.610741220783445227e-03,-4.701758250465665895e-02,-4.388036565904573222e-02
1.887795334619965168e-02,-6.381636364212724642e-03,-2.386225821856012008e-05,-1.069842153211386995e-02,2.105128593729294409e-02,-8.663283870729589914e-03,-1.747589902579662138e-02,-2.608551916913286889e-02,1.652547250278832251e-03,5.265920662013640410e-03,-5.253958637189585362e-03,3.826727298232887424e-03,6.274707767814186390e-03,-1.101307667321308609e-02,5.330446714274038322e-03,-2.552435800636080471e-02,-2.168314954668619163e-02,-1.610652252755418986e-03,4.229738356230272091e-03,-6.975606084564567669e-03,-1.448719891022465407e-02,2.848535506511663470e-02,-4.576967526116223865e-03,3.859363214550452260e-04,6.730814553506122774e-03,9.677463285241331287e-03,-4.092714729513544959e-03,-2.713068648455634058e-02,-2.756673546881123829e-02
1.951206383014051499e-02,5.888749494126149266e-03,5.768152159009178569e-03,-1.351160043190464564e-03,1.338330622201682786e-02,9.956171585741710114e-03,1.115012316627122385e-02,-4.517021004512601634e-03,6.043037814710923092e-03,7.787648838565936621e-03,1.847123935038095556e-03,-5.834247438832497338e-04,6.712377093595446771e-03,2.300882962849619233e-03,-2.784427947392784358e-03,4.922601412836496299e-03,-7.181758539779003721e-04,8.021062163068113510e-03,8.667961374570822344e-03,7.098625079751228958e-03,2.234188541728869461e-03,9.376700030816540257e-03,-8.643652992955517438e-04,-1.200655115949312776e-02,1.130895105816768359e-02,-3.860776315932597149e-03,1.706789825803171727e-03,1.983374151719151553e-03,2.110099229228000126e-03
-1.958567184279309814e-02,-3.059041021154286152e-02,1.224575212205869339e-02,-1.581676059432201437e-02,1.938527303565261706e-01,-2.473864869491296942e-02,-3.141090278714425005e-02,-2.972373500122682533e-02,6.746557092416977097e-03,9.558717934700687938e-03,2.980575526316108642e-02,1.059617889120238743e-02,-1.150786126193755615e-02,-7.377963190103646596e-02,1.563338772310029351e-02,1.838692808909480128e-02,-6.898771480919026200e-02,-2.360475521247363401e-02,-5.319825657956821219e-03,-7.155773742272527986e-03,-4.201910148587248948e-03,1.091039085119969165e-01,3.423008392519982096e-02,-9.907988152100895632e-03,1.406062267302672988e-02,3.955445384853375351e-02,6.521652097486074946e-03,-9.593775741393806289e-03,-1.086474373082192517e-02
-7.893964704599116741e-03,2.444769265922139972e-02,-2.322070691835599263e-02,-6.902546685688027046e-03,-2.628004810225152352e-02,-2.238857212000043909e-02,8.834841934283634360e-03,3.883020017163240495e-02,4.314793441607248092e-03,2.131372025683481511e-02,-7.567576578498080853e-02,1.851441090137705353e-03,1.852534996619930804e-02,-1.436988337923726829e-02,1.507116143923017243e-04,-6.168710828460081778e-03,-2.038485089099222047e-02,1.342408340711507587e-02,-3.122639922008479604e-02,-2.731065521224726109e-03,9.931653796413317595e-03,-7.979856960506846730e-02,-5.167660590935967829e-02,-2.458135960826612898e-02,1.220037444160527833e-02,-2.057941783722396206e-03,-1.646199551390785734e-02,-5.169464274753714922e-02,-5.012073725849654909e-02
1.147795632438863497e-02,9.331330070586374079e-03,-1.714100838546010752e-02,-2.410794708544073545e-02,3.845438901188023145e-02,-2.413076933903976831e-02,-4.930846506851330191e-02,-3.600869472607665100e-02,-6.219063066296259649e-03,1.158818030293361223e-02,-2.508930775251000736e-02,7.181105071594509094e-03,-1.123506945770866121e-02,-4.290994806551628668e-03,1.003273912017506320e-02,-4.690713077574518164e-02,2.244864852208536266e-02,-2.299776865822133077e-03,-2.814816239984476928e-02,-8.713475260646127984e-03,-1.162236391429360624e-02,5.036522959363151294e-03,1.227244753719485514e-02,-1.896626501747749119e-02,-4.928426670735384409e-03,-2.561362911270652354e-02,-1.668705064384971848e-02,-5.182324457546089169e-02,-5.346098451039500710e-02
-2.413929286473431510e-02,-3.028632627506943394e-03,3.037029207125957822e-02,3.405696227485947337e-03,1.454123564368758198e-02,1.049636307120160351e-02,1.922483744839278627e-02,2.123681741254589486e-02,6.957020867917854297e-03,-8.186598729993664267e-03,5.347737805178377508e-04,-1.584484710199215779e-04,2.643270868019531334e-03,1.413406555761756792e-02,3.104766112281507999e-03,4.659867732398572521e-02,-3.990700757686801992e-03,2.308009516003636796e-02,7.432066051043018963e-03,2.794053562920328221e-02,2.557170372846457110e-02,3.387300838349543985e-02,1.533761006269000922e-02,3.672259493598710716e-03,2.628489306947166815e-02,-1.440610772855612821e-02,1.193492081686064847e-02,5.034640531503052630e-02,5.039692598820694203e-02
4.393759493371280495e-02,-6.848030495099629439e-03,-7.901732939354691107e-03,-2.767247346422046714e-02,1.414546114562688361e-02,-3.038347752343262959e-02,-2.985663986050620528e-02,1.607421040545891494e-02,-1.135230730125262859e-03,-1.507018936151618407e-03,-3.937340731337447136e-02,1.260251448926286329e-02,2.953823806253615125e-02,-7.727003454046008774e-03,-4.685810172954013413e-03,-4.511216284061626836e-02,-1.942808672128310682e-02,1.205519976682990248e-02,-1.191916040306234895e-02,-9.415476064553493507e-03,-3.035407969267190503e-02,-2.912523589076023572e-02,-3.292182591153572542e-03,-3.004009730821152486e-03,-2.241128132556199307e-03,-6.135711182756084861e-03,-2.299002107798883004e-02,-6.461690155490359966e-02,-6.184019578333169870e-02
1.051661574470687671e-01,2.241860026331265326e-02,-2.030173879542125290e-02,-5.884546789729873384e-02,6.840286317727969911e-02,-2.249485301782510813e-02,-3.088939807359580153e-02,-7.277009740809271821e-02,3.496095550791186723e-02,3.708296511705313353e-03,-1.474033855566663984e-02,1.668659957412353678e-02,4.320351316853967422e-02,-1.075103365792542086e-02,3.390753280714791512e-03,-1.590262208188432738e-02,-1.806004041641567914e-02,-4.625718694508526227e-03,2.404123144618702801e-02,-2.547112247275936520e-02,-6.594188310356051408e-02,2.900457429909772053e-02,5.106370415227583920e-03,-3.110985906152333863e-02,-8.853069399500217498e-03,2.895994322293491893e-02,-3.470793513407792463e-02,-3.387739301066147735e-02,-3.594515994317360602e-02
4.797946907028879243e-02,9.362686553739138148e-03,-1.190135760982592023e-02,-2.701587490996927229e-02,5.596982980761849857e-02,-2.363148250071432643e-02,-3.077505806419402953e-02,-4.548618815867185722e-02,7.933425331533313848e-03,4.612947980538131126e-02,1.425131917392661630e-02,-7.686126353915195483e-03,-4.165167086091254786e-03,-1.822215716608305974e-02,-7.070379994432459021e-03,-4.881693874693938950e-02,-6.599454116599723298e-05,-1.392023559830517059e-02,-2.630940200450043731e-02,-7.308397004256663061e-03,-1.642503941465382452e-03,-3.466052472669260698e-02,-2.919344467820982059e-02,-4.650401779122833451e-02,-1.879506426470950106e-02,-7.759914333882668436e-02,-2.118047672336980866e-02,-7.606327163335836750e-02,-7.292977683860477067e-02
-1.142693016172269954e-02,-6.374143426242374379e-03,6.895430857098231933e-03,1.084912875907338876e-02,-2.585028453035381757e-02,5.501655698911115007e-03,1.123143841966689482e-02,1.138001938645048262e-02,-5.095233999177513524e-03,2.673444176711483634e-03,1.701743039085994776e-03,-4.363580435921748067e-03,-3.537317703226070583e-03,1.965214418528225468e-02,-6.940379943943975061e-03,-7.942137178687056626e-03,6.489462916764443534e-03,6.139796792834249090e-03,1.946817627469910441e-03,4.384567392905640336e-04,9.246397548294690849e-03,-6.310244574742028718e-03,-1.548427754697947502e-02,2.049902403642382687e-02,5.951301214989909109e-04,-7.892746111853901972e-03,5.955985399241662745e-03,2.834135515954788395e-02,2.208520082799510925e-02
2.925530214154621958e-02,2.734387527027967724e-03,-1.140777062695643058e-02,8.055193681230497131e-05,-1.163039019394291815e-02,-7.100602396878927421e-03,2.626633615537046860e-03,-1.544676471182371974e-02,-3.465096025787629819e-04,1.379939660699264041e-02,-2.022985631960825398e-02,3.465585082512230748e-04,1.383317712890354788e-02,1.403743518328793953e-02,-1.334279418241683494e-02,-3.114036578615747217e-02,-5.361714505323239913e-03,-2.473721395940989103e-03,4.812702057054642560e-03,-5.121520734217881003e-03,-2.908349428677666024e-03,-2.245962624346469969e-02,-1.676199037253493784e-02,5.302404070958012181e-03,-3.136119361718293051e-03,1.347743764149193129e-03,-6.908552940760280536e-03,-3.743727600661422589e-03,-9.346810198004878653e-03
1.839148054216538028e-02,-5.924125234861558724e-03,4.314366303739097276e-03,8.076986234991975072e-03,-6.044308589207366897e-03,-1.563017635023868017e-05,2.800763707571693809e-02,2.680191201602773188e-02,8.243342363463213376e-03,4.232366552524980188e-03,-2.233395200474132258e-02,2.471446419674293337e-04,9.108895223810437730e-03,-8.047684427391272807e-03,9.782271406344158343e-03,-1.385508424988282335e-03,-1.805226422264074454e-02,5.462426487825831504e-05,2.211579034775223648e-02,7.726813304822537781e-03,1.311068804686202349e-02,2.402209700846080070e-02,-1.878966982165407524e-03,1.390927320138212776e-02,1.846027502035349141e-02,1.732081022996136491e-02,9.353884586092953493e-03,5.211892501754346319e-02,4.857080767843402480e-02
1.219829974365072359e-02,-4.452539555182549388e-03,7.797563119929014179e-03,1.251089433248875338e-02,-1.881420987489892602e-02,1.754350235351719717e-02,2.294342658773210197e-02,2.070141487233600683e-02,-1.193268157796027740e-02,2.916241215473734313e-03,-1.141469299920223369e-02,2.617843982748485360e-03,-2.124682578308573211e-02,-4.837449277501189114e-05,-5.776545993963105516e-03,-3.493213175904222832e-03,1.409065917169447825e-02,-1.695170307596192841e-03,-5.127761163110236033e-03,-3.799672939629317528e-03,5.369759182499525899e-03,-3.151821233532068646e-03,-1.395427248746061374e-02,9.994836562000617916e-03,-7.900493163717289477e-03,-5.379179264696791821e-03,5.190363475564990087e-03,1.630589080423110529e-02,1.273414336206819472e-02
7.044182744901986148e-02,5.071993113068072601e-02,-1.170504181770005286e-02,-2.204058184418266134e-02,5.718115432281465488e-02,-6.663207720794427601e-03,-2.327784920107089928e-02,-1.827353416037675801e-02,2.733097185681251581e-02,4.634200025181064997e-02,2.430627790297670843e-02,-1.250609684317805642e-02,-1.794831154104230622e-02,-1.121471585718246053e-02,-1.403350796945644283e-02,-2.566621691690865181e-02,-1.196737892614982771e-02,-8.361630884338399489e-03,-5.278149013016928889e-03,-1.931600896985787626e-03,1.064770355741083939e-02,-3.547130532177845963e-03,9.637009814386783904e-03,-4.483536623634296059e-02,1.023080884428165249e-02,-1.940278070616595005e-02,-1.568423166910803274e-02,-8.177741732834876986e-02,-7.724140426754921851e-02
-1.307042330399980912e-01,7.217811424598047365e-02,4.287692078830264431e-03,3.257212510707398201e-02,-4.124084172478525295e-02,-1.279050378870239327e-02,5.131022345006597263e-02,-4.487178184945824211e-01,-1.049047465748404601e-02,1.554988948014748504e-02,5.502988583325210126e-01,1.106901937953974797e-02,3.432889747443027689e-02,-3.943654492834829939e-01,2.981097687230706630e-02,2.826366118832824431e-02,-3.123554274372661310e-02,-2.345905119381646448e-02,4.669880358939404452e-02,-4.043767092300337013e-02,-2.735972585710925650e-02,4.129015650305328800e-02,-5.552257651697137947e-02,-4.453942880397513543e-02,-1.856379077026010932e-02,5.451308271283709928e-02,1.443622367756003735e-02,4.753834198442233872e-01,2.434213332981497238e-02
4.476043013376651003e-01,5.558567482426227668e-01,2.234178891899454844e-02,1.631254471640996434e-02,-1.191569125773209300e-03,4.542271996484661262e-02,3.865440684275549543e-01,-1.484472278566028869e-01,4.775811309422150347e-02,7.018144094832321281e-03,2.945738368806051222e-01,4.282549179375691462e-03,1.927869043509009006e-02,2.303511815316164682e-02,3.738814425722447043e-01,-5.247273923320679156e-02,-3.591713459936418662e-01,-2.269720121053621087e-01,-2.461415012799264904e-02,-2.925013324680377780e-01,-1.089955306418950547e-02,6.077088491047714230e-02,5.958470328575530932e-03,2.169984772597822673e-02,-3.558249540102704223e-01,5.071227524213491739e-02,-7.412834620473189411e-03,1.107944795265716431e+00,3.557008989717257846e-02
1.768989310118821226e-02,3.863532872144004315e-01,2.130750842632510647e-02,9.951827841063277946e-03,-3.885965836987401167e-02,9.882647283763247581e-02,5.914256793135908713e-02,-1.662240841501728614e-02,5.491760419003499042e-04,7.930018409512852931e-03,5.136315636279398938e-02,3.170692562521204442e-04,2.197170112196390190e-01,-2.129869577615663145e-02,-3.727079508012939163e-02,-3.274017999136420026e-02,7.401688174257496471e-03,-6.224600617000503044e-02,1.687849484599682204e-02,-2.901284091528037457e-01,-6.084306614700264737e-02,4.789901232575289325e-01,9.762921728031226376e-03,-1.827477861691649205e-02,-6.087833427578220880e-02,1.144441658727504620e-04,3.128808149700115782e-02,7.808948660898600291e-01,2.415930775615629869e-02
5.360845172332617814e-02,2.095878200319684082e-02,-7.119374361740193717e-03,-8.140567475053952368e-03,3.170097872923665488e-02,6.472029682358972948e-03,-3.686150609812087508e-05,1.000088220743374987e-02,1.173478989242206054e-02,2.190146318579083706e-02,4.384311208998080238e-03,9.465826840616057766e-03,1.295194214067580708e-02,-5.355988296204148430e-02,3.522530455431337193e-02,-3.673202223275022580e-03,-3.767194236281363323e-02,4.110702693168449655e-03,1.352236433601885016e-02,1.273830718388783891e-03,-4.048621114379943528e-03,5.745016295399898304e-02,2.389825917071395842e-02,-1.887068619486328286e-02,2.830748144430346447e-02,3.727048240419140318e-02,1.103753103773118076e-02,-3.517557956166018907e-02,-3.441026953109766612e-02
1.574232905118743212e-02,5.978776703585320963e-03,-5.957657054094710365e-03,2.205572486451279259e-03,-1.480896509269138267e-02,-1.070323038346983335e-03,5.387605127197806279e-03,-9.390701255742824050e-03,3.479181884908328932e-03,1.342473546955988938e-02,-9.886577535206756209e-03,2.442674629885425216e-03,8.784834907610573548e-03,1.625236299782116837e-03,-2.496744653571743994e-03,-2.894823314854875346e-02,-3.656007772979429776e-03,8.697022587525159165e-04,4.230872344469486677e-04,-4.148488841943362773e-03,-4.828845497819548183e-04,-1.469203126409827920e-02,-1.481341288665334252e-02,3.075462996509560794e-03,-1.314940199356866421e-03,-6.776735899555626913e-03,-4.355335762580266404e-03,1.124420325148420339e-04,-3.242030128529675530e-03
-9.382123589879855924e-03,3.239872902618653409e-03,-7.155366340834222851e-04,-4.288453772526329595e-04,-1.865155970692052717e-02,-8.510652257887198202e-03,-2.465192915249091524e-02,-3.382904634141833955e-02,2.636884836282241303e-03,5.022150230569619352e-03,2.462025210217660270e-02,4.983017484728517049e-03,3.450111126093401842e-03,-2.834964981659147606e-02,3.315266491195784874e-03,-1.225933846257699911e-02,-4.071267718706013915e-03,-2.630874209144822180e-03,-4.894140019828590107e-03,-3.482582382545293398e-02,-1.827927847351495244e-02,-2.154502070144807477e-03,1.595206007836378476e-02,-3.505132228028418756e-02,1.741567486912528814e-03,-9.708797469457415726e-05,-4.182342175035661663e-03,-5.843563211827242088e-02,-5.511889446883237731e-02
5.136853286092356308e-02,-2.012057430083083812e-02,-1.578973755045174829e-02,-1.973103128212407020e-02,2.216900505998123730e-02,-1.161286265600248481e-02,-4.245069560684089360e-02,-5.055640525840451871e-02,-1.415122200677548792e-03,1.718015271027793084e-02,9.111234093119521815e-03,4.373347022425778767e-03,1.721097280414170261e-02,-3.141128665705298501e-02,1.609630535320619865e-02,-1.386276431234827536e-02,-2.082787383312043744e-02,9.749569760909931881e-03,-1.033296136712363866e-02,-9.714366988396040681e-03,-6.678996011947808172e-04,4.241976721248598425e-02,1.541458716511497811e-03,-1.271404088608021204e-02,-5.921576199183456631e-03,2.167833153816434502e-02,-1.356721956356413995e-02,-3.354139613691357186e-02,-3.419069317932380697e-02
4.398414167703825622e-02,-4.535632935560106435e-04,-4.212559076045675234e-03,-1.293590774863616691e-02,2.790308092113372163e-02,-2.062836951384700024e-02,-5.756205204081953075e-03,-2.844366250453440534e-02,-1.166143892054471461e-04,6.256210976089998654e-03,2.608924584424206824e-03,-3.845509234630465224e-03,1.329129625606913050e-02,-2.029335582036053201e-02,-9.363599132412607148e-03,-3.101395499678655590e-02,-1.869234795886366360e-02,3.153589776105356242e-03,-6.718367965915519272e-04,2.681038661367612756e-03,-6.903967740136628638e-03,5.965119357783146489e-03,-6.090234301139068468e-03,-6.501541438277023618e-04,-7.998110582891493001e-03,1.708661981432353563e-03,-1.218426844124094119e-02,-4.742441378487704390e-02,-4.520647837843289746e-02
2.856185746108970067e-02,-1.430735707414214700e-02,-6.539263318868164532e-03,-8.271643267288105242e-03,1.434661159692585466e-02,-1.369346496622130503e-02,-2.945685578404383387e-02,-2.702322507514699421e-02,-5.030956603565658880e-03,1.612556035735074680e-02,1.014170991899681490e-02,8.086632625361468403e-04,1.547287780619415951e-02,-1.591600750136068498e-02,1.107443488923294701e-02,-2.083686676752460019e-03,-9.042113309642664867e-03,7.009941919565909098e-03,4.445674182820880116e-03,-1.013460085621192830e-02,-1.523013245717698720e-03,2.651058423070550701e-02,3.131935659895331708e-03,-1.217175486398154594e-02,-3.650335800338527000e-03,1.222717801408554177e-02,-8.403972227113752289e-03,-2.728229694329839181e-02,-2.636568683981456787e-02
-2.258683687818488148e-02,-6.613946369949382648e-03,-7.735939248844633971e-03,-9.248679483783301932e-04,1.644736285249671914e-03,-6.421037023637000442e-03,-2.660317816341103807e-03,3.598561774431880550e-02,2.517479296916219893e-03,-9.318080723348488165e-03,-6.355186012126649159e-03,7.473522550032953016e-03,3.820718471159508835e-03,-1.053501290029314023e-02,3.332356511399965637e-03,-1.239999051875819401e-02,-6.094683111447598590e-03,2.025744444947913045e-03,-6.197317116018139470e-03,1.254342690890000202e-02,1.430859809637883596e-02,-8.382907518929496801e-03,3.771999596950181399e-03,-3.481828482576619036e-03,5.569958982673003586e-03,-1.377978362995237356e-03,5.783935643712695158e-04,5.019482662792688898e-02,3.879781871409578031e-02
-2.510653522106499891e-02,-5.161827214932625946e-02,5.393463034703105397e-02,4.253558855149817963e-02,-4.113176498811749182e-02,8.115750679661858091e-02,8.583754181041912401e-02,1.197486995205147321e-02,1.434163142251365826e-02,1.713402510000878731e-01,-5.034387882852214141e-02,-3.547392496018810133e-03,-3.904202699456265496e-02,-5.349085203947293032e-03,1.383826823225430425e-03,-3.566413161180627123e-01,-2.132325245833971705e-01,1.502154562112475999e-01,7.076380892006887968e-02,1.561714510440422587e-01,1.695896304134274224e-01,-2.848362351987864666e-02,3.768836852381562269e-02,1.674075628093466689e-02,8.382775861026259268e-02,-4.152902743713751156e-03,3.723894925405125261e-02,1.336233438959671671e-01,1.360288097188047385e-01
7.168753829834807571e-03,3.014712373364555192e-02,4.314976408464440104e-03,1.591238682442657620e-02,-5.724436636273397098e-03,2.497616627694563066e-02,9.032433420289028708e-03,1.686813254879697410e-02,-1.205110968154922239e-02,1.186676504066381393e-02,2.246758142520652660e-02,4.420146980559120677e-03,-5.146501331252940382e-03,2.799222848790289611e-02,-9.351039079381949157e-03,-2.794141229912163946e-02,1.912929418899599054e-02,1.698835125914795402e-03,-8.832878865350278150e-03,-6.792485278672560738e-03,1.655853417820524198e-02,-1.959186731121047298e-02,-1.014609952714404413e-02,-5.555925752390450910e-03,2.163614112010548741e-03,-1.990862175826803998e-02,8.590140683354983509e-04,1.468828896513135925e-02,5.572614565640286385e-03
-8.957998294565716613e-02,2.062967217602093215e-02,3.722519106681074202e-06,6.859964787053460245e-03,-3.805344545747534057e-02,1.308256952038384067e-02,3.559078322840684289e-02,1.124295042622937453e-02,1.078569983439595960e-02,-1.740876503956530902e-02,4.042426297399650398e-02,-3.931064307229762745e-04,4.712745532750338417e-02,-5.336559797995001769e-02,9.866424805899248751e-03,2.174231956918972614e-02,-3.672915058522507187e-02,-3.055459701631283928e-02,4.523927619216180918e-02,-2.325889492328885033e-02,-1.141739902976130275e-02,7.895563672428204671e-02,-1.625290630931871746e-02,-1.673152176430836233e-02,1.666893102820163211e-03,3.987440038117281982e-02,3.322630574248203877e-02,4.153038519656441357e-02,4.703221708757169411e-02
6.036595788822682329e-02,5.013530767280318517e-02,-1.149579256010479882e-02,-2.050272963426281320e-02,4.823591600584101885e-02,-1.003354561804442428e-02,-1.898609257314546120e-02,-5.428669448108458875e-03,2.175942167671759270e-02,4.559924766498896914e-02,2.556010642564893187e-02,-5.239482330831584517e-03,-1.003480561079840919e-02,2.136025964435032433e-03,-2.668389266589645675e-02,-3.345464345926787986e-02,-3.136188353264565427e-03,-2.940643877948596798e-03,1.791064565974184871e-04,9.816536089400354145e-03,1.325364103398465020e-02,-1.534180969944721508e-02,8.176023171369702428e-03,-4.514968285202958231e-02,4.599081504054458418e-03,-2.663741057325841669e-02,-1.257228687304579214e-02,-6.658689366573085355e-02,-6.344788845952831213e-02
9.082665175231258506e-03,7.699153824698472953e-03,1.157714340985018485e-02,2.299196630993553293e-03,-1.823415614375454479e-03,9.997621697715061012e-03,-5.894577536036998446e-03,7.491553332334905876e-03,5.496171599859282254e-03,5.663897322981457753e-03,6.272940184886566413e-03,3.098056626343254245e-03,8.391496809364621355e-04,2.207260320938117179e-02,4.474608439367496956e-03,5.624771389851225718e-03,1.080235181473577534e-02,1.076678317067079893e-02,-1.489531534602174913e-03,7.565245467779369015e-03,8.256797406382153370e-03,-1.574130820091090063e-03,2.569543053909903105e-03,8.227206268032338440e-03,2.115815572776619594e-03,-2.008982631728712721e-04,3.689204565913385345e-03,-9.616003962381105066e-03,-8.324596557228348612e-03
1.356214111371654464e-02,9.493432072910593794e-03,-4.731765709584455359e-02,-3.870061097446913373e-02,1.820316448444425986e-02,-6.517630482930644731e-02,-3.500444541721208641e-02,-4.049672581137854499e-02,1.658518692917115844e-02,4.077565215692639800e-02,1.265839042576321627e-01,9.707983196151197605e-03,6.557762865228558904e-03,1.717923685148210408e-02,1.852914910549455577e-02,-7.633337140700108270e-03,3.548873364176643314e-02,-1.352572964401797459e-02,1.951628845743303212e-02,-4.081331313501862512e-02,-4.696499957981474516e-02,5.969514109227980897e-02,1.250873465638967924e-02,1.803376942808067925e-03,-3.050535489904897604e-02,1.650864163699885395e-02,5.068205558130176296e-04,-1.592745067256760502e-02,-1.097249969774029277e-02
6.055984046004236898e-02,-1.473193103713618321e-02,-1.009763220428952848e-02,-2.832464130865455787e-02,3.095568236910544585e-02,-2.115330510123556579e-02,-2.833597813414333311e-02,-1.994403404371288251e-03,-3.276743479411736801e-03,1.186079624225454092e-02,-7.429120342353275931e-03,3.899602765545144480e-03,5.205001102193070051e-02,1.373905052860299736e-02,3.888394200990721861e-02,-2.836705051893642290e-03,-1.664304197490753742e-02,2.823870706487152313e-02,-2.782074015235273465e-02,3.168478606593243263e-02,-2.718950910236668517e-02,5.363541866524495355e-02,3.063349983358404360e-02,1.330361061182131974e-02,8.595582989720315301e-03,3.521529580470958432e-02,-5.363235611843032886e-03,-5.377649934487696570e-02,-5.137169316353992765e-02
6.157423120432025526e-02,1.659527214472250253e-02,-4.270808733709096153e-03,-2.598924790400497162e-02,3.489990063297347678e-02,-2.005387861643063985e-02,-4.876993989801801932e-02,7.936460191710398640e-03,-3.032673380087967663e-03,2.915143200566396725e-02,-1.906632638123811506e-03,9.535684974756585344e-03,1.306232634263851909e-02,5.781339581850218623e-02,2.808474770360953887e-03,-4.420301977855861653e-02,2.109341323096023887e-02,2.479495068011327089e-02,-2.294434970433662999e-02,-9.689793642369053063e-04,-5.978076409326233201e-03,3.930735559796423063e-03,-1.435126878791991370e-02,1.421031833207485502e-02,7.378638994467568053e-03,-1.865881464681384827e-02,-1.119474995533919874e-02,-7.219505371844651964e-02,-7.300158725596547771e-02
-5.452086574490901116e-03,4.183901027081083496e-02,-6.322600500009122049e-03,-3.097037116993819113e-03,1.789702200802406259e-02,7.667791813513379247e-03,2.277077408727262373e-02,-7.528270505325325435e-02,-1.924822434612746694e-03,1.744757569852075502e-02,-6.789755052765086320e-03,5.082525047329302867e-03,1.975078905358017972e-02,7.724586340426732242e-03,-1.052016122478778570e-02,-4.508422938637975802e-02,-7.170443971676528604e-03,9.095509772568292212e-03,-2.713304069360791479e-02,-2.122769626633176643e-02,-6.069694667522703606e-04,-6.449176605051550049e-02,-3.840436589006624574e-02,-3.263796154962683715e-02,-1.094406680379321484e-02,-5.183276232803125938e-02,-2.261573348904610294e-03,-3.376898313700366777e-02,-3.139600780807335484e-02
7.273313135302335308e-03,8.532684410107254161e-03,1.763876668535070778e-03,-1.198477024274093218e-04,-2.195461045322066873e-02,1.742070818421315387e-03,1.571650095295358193e-02,1.443965715371497462e-02,6.772000586136009762e-03,1.500718035158570690e-02,2.375292095457080463e-02,5.070517911366390637e-04,7.932518429740145760e-03,-9.461451246881840554e-03,1.301015346504413904e-03,-3.237905954676731238e-04,-1.426049839005250237e-03,-1.171902781849823265e-02,1.853454584416567782e-02,-1.247731652425738622e-02,-8.961830184155037196e-03,1.069404213898318343e-02,1.183304719170674528e-02,-7.671209335117902192e-03,3.146671885556126882e-03,1.136310410887798189e-02,9.325146679071256994e-03,9.186334503915252400e-03,1.180753282566583164e-02
4.354841990709554939e-02,1.797465372669215843e-03,-8.893099424604341066e-03,-2.101442394135314903e-02,2.881253730032416749e-02,-1.704158290361709044e-02,-2.908287605559765204e-02,-1.032298264291448822e-03,-1.317474655074921293e-03,7.691991362394726660e-03,-1.145405806256875533e-02,6.401212096469334999e-03,1.600080738452273194e-02,3.376679900863835404e-02,4.373243363386762270e-03,-3.564447982258808767e-02,1.745211473958803092e-02,1.245321769382598705e-02,-2.092306778428592098e-02,4.137643601666426084e-04,-1.633481978589796518e-02,-8.506911750274487316e-03,-1.312665355844274198e-02,8.020148062160259092e-03,-4.794461769625700705e-03,-1.470712580393843637e-02,-1.221131394555694319e-02,-3.045242869791758150e-02,-3.230923398686082887e-02
5.074479747906682214e-02,1.200690148499002248e-02,3.839662578233541106e-03,-8.648329717725963470e-03,2.609653176375372960e-02,-1.083237466646243697e-03,-2.559702093086271141e-02,-1.204625899994607278e-02,7.821536402714478545e-03,-3.631047566058893863e-03,-2.350465032319902850e-02,2.633629418797095705e-03,2.193513884034967859e-02,5.236590139606608213e-02,1.626458557586183545e-02,-3.549517868921502322e-03,1.375836563568509814e-02,-2.673922714345426579e-03,-1.462588394849067067e-02,1.615087296641184306e-02,9.662319511662524358e-04,-6.294656217635267483e-03,-2.020484698319171754e-02,1.250917181625062907e-02,-5.611392301310339295e-03,1.143021483528440247e-04,-2.696090367671779252e-03,-4.283289934828415219e-02,-4.170801310199114681e-02
-5.464112705391416420e-03,4.267971882517550102e-03,1.024891977195771173e-02,-2.606505405753846601e-03,-1.945015576808275040e-02,-7.612243984721802671e-03,7.773702992396252370e-03,3.293196861546714843e-02,2.898749561747767604e-03,3.466745676376458557e-03,-2.454942682812438857e-03,3.620720611810489438e-03,-1.430597693850690043e-02,2.043564422038334286e-02,-8.388428708615846413e-03,4.282402896780388053e-03,1.674716318132965856e-02,-1.798706931393729462e-03,1.648826078942565790e-02,1.858895996464297179e-02,1.666801879754779142e-02,-6.372298653977378526e-03,-1.435557759819624211e-02,-4.421075915508707911e-03,2.788921537825181287e-03,-3.283714797057969703e-02,6.874944123167744253e-03,5.684882592145697536e-03,8.503355838610095196e-03
-1.096257208771253197e-02,5.105842402698426014e-02,1.012069808788201852e-02,4.648984011705252495e-02,-5.066967064650654273e-02,4.547281430899940274e-02,1.077531729319773923e-01,-2.941506450988141258e-02,4.063522012320399529e-02,1.227587300695402901e-02,3.736398457811611618e-01,-1.497311820733132279e-02,2.378973020775725089e-01,-1.630886819674349716e-02,2.136165945205869415e-02,2.808466744112876612e-02,-1.584513291374451890e-02,-1.663316926012659847e-01,4.804070435188455279e-02,-1.450795398789760382e-01,-2.628696375960451123e-02,1.781787922427506901e-02,-9.422599973328974962e-03,-1.509249636063678297e-02,1.202701988962396988e-02,4.914500403558680341e-02,2.352112913350122569e-02,8.965722200957844390e-02,9.513123573384899001e-02
-1.158546717227139193e-02,5.515890150115229651e-02,-1.031242863346432115e-02,1.634927340668984250e-02,-9.213742769017851594e-03,1.262276516689221466e-02,2.942198898369084437e-01,-1.121436838213827648e-02,2.683418653104292090e-02,1.648558051804641100e-02,3.231596281248596547e-01,4.606422867987179301e-03,2.640002545660808386e-01,-2.490926845643421858e-02,4.121764860611025483e-02,1.415537519225395190e-02,6.958883593632722749e-03,-2.262411497465029453e-01,3.040197477799524636e-02,-1.947769816673770027e-01,-4.010099146483253607e-02,5.887100966301558186e-02,4.209663933250791523e-03,-1.860414330834414542e-02,-4.074121677376008055e-02,4.065025273684705343e-02,2.868327791375053365e-02,6.643711405765440059e-02,7.898331555915938385e-02
-1.886655488037945055e-02,8.377137441998372402e-02,2.203082749592484568e-02,5.400149285493884531e-03,-2.070300932458483956e-02,2.257655430346518916e-02,8.291742976701588219e-02,5.652816846577708720e-02,7.472790111147653569e-02,7.033212234707739152e-02,1.073413951626373403e-01,1.091720550714582114e-02,8.409157197192371203e-02,1.810610155186757886e-02,5.731314004109698546e-02,7.562773456026507246e-02,-8.838449768183644258e-04,-3.574527448501224614e-02,1.022150434785671080e-01,-2.240129312099053277e-02,7.011659676600365959e-03,1.334832659240042241e-01,4.834897086167078140e-02,1.970336702428542031e-02,1.426371041508464090e-02,8.192642029651123203e-02,6.591039858673487795e-02,4.220479838028143998e-02,6.194335720852103128e-02
1.925600518034012998e-01,8.671285490560150244e-02,5.497993799301573864e-02,-1.117523348367297290e-02,1.652235238930340605e-02,3.975028199083945751e-02,1.026585843459771191e-01,-8.454861654217254996e-02,-2.345711404722862492e-02,7.607968978038938401e-02,1.164049058890296029e-01,-4.122089867955668757e-02,-3.180739971970416441e-02,9.800067241811455387e-02,9.985974373102767324e-03,-4.845080217515081167e-02,3.506942873743546657e-02,-6.263922150101372543e-02,-3.772387751599590167e-02,-2.133636103731682832e-02,-4.695527587693851951e-02,-2.216009901568594467e-02,-9.232257004398221334e-02,1.472130965426642936e-02,-2.851018855958059248e-02,2.630309687373110633e-02,6.889833581431969133e-03,5.669611497094534554e-03,1.935888229370875263e-02
-6.323474031013387453e-02,-1.172039942097956224e-03,-3.538689238099774950e-03,2.730886222241021150e-02,-1.158253877072041964e-02,-2.095446900037031823e-03,-1.541077599726566570e-02,-1.615921643203280592e-02,-1.407924567003591976e-02,-2.489425036872936273e-02,-4.709598190638632914e-02,4.809524569247373982e-03,-3.884159656182158832e-02,5.247079471690645203e-02,-4.586475045010227070e-02,-5.105901600836763171e-02,6.153045110118401245e-02,-1.309900104533789911e-02,-4.256513348737832325e-02,-2.442570326964920921e-02,2.357762973466319759e-02,-8.081959692451770594e-02,-5.176453865218071798e-02,1.154317967344573211e-02,-2.466877356559424306e-02,-6.980760017573227338e-02,-1.219120680989168627e-02,5.134274986288702575e-02,3.903374279912937700e-02
4.384442860697266436e-02,1.887101819557372370e-02,1.662245026840592985e-02,6.572792920111030814e-03,1.260998993734437773e-02,2.863495060395914588e-02,3.185494570664750003e-02,2.703344406176367773e-02,1.677787614539143213e-02,3.372235225244611667e-02,1.236838040431933496e-02,-1.363581381524885464e-03,2.217509533342225739e-02,-4.572191679542700511e-03,1.383723556210782364e-02,1.051643718659845718e-02,-2.657041304861812100e-02,2.463594266433373828e-02,3.002266858088373236e-02,2.907254447749239856e-02,3.994010080804287488e-02,3.591255589262933035e-02,2.173132512869299648e-02,9.133870207233715094e-03,4.549366945501909232e-02,2.515186035105313953e-02,9.844906866159070305e-03,-1.574443177515150389e-03,-2.595497385434987741e-03
1.893106900146729809e-03,2.062301488334870175e-02,1.297655239294810518e-03,-5.436333463930511853e-03,1.821503098232653273e-02,-1.455492268930901750e-02,-3.568512564333299521e-03,1.650928731429043709e-03,-1.575688475210540451e-02,4.689969561572895386e-03,-3.389400487587340693e-02,-4.927987796951321768e-03,9.450606124218689438e-03,1.007994455593709884e-02,-2.078103223684795928e-02,-3.292717186976168442e-02,3.381688176004574165e-02,-2.145921690859220118e-02,-5.132179107850503436e-03,5.423063914253211000e-03,-7.235966256578268106e-03,-5.572212003035843103e-02,-5.825199532669302419e-03,6.927777705642596852e-03,-1.740361705588578528e-02,-3.607157104096032907e-02,-4.345545208505914928e-03,-6.884393429112410645e-02,-6.433612410025198181e-02
-1.224638063868465770e-01,-1.675853961829275318e-02,3.276453311129695622e-02,4.370966789558342058e-02,-7.010053107019789675e-02,1.782292213615686155e-02,5.094754323300418331e-02,1.099910857100214190e-02,-4.032214551407955865e-03,-2.878887701964180992e-02,-7.020894029683366622e-02,1.136508176613995830e-03,-4.191102466407508470e-02,-1.138077070381223778e-02,-6.867621638090702640e-02,-2.619836362854452080e-02,1.153326682588166202e-02,-3.243149182996973856e-02,-5.291818349077787509e-04,-6.144371295543681576e-03,-1.979442267602678392e-03,-6.259796640987395910e-02,-3.679630613337066258e-02,-1.047806809338396082e-03,-1.115296390761347581e-02,-7.256348746008824124e-02,1.968997408843943531e-02,4.851473986739306132e-02,4.475169182542707708e-02
-3.573977577514726722e-02,1.344212272351477840e-02,-4.278326861702782744e-03,-4.087780017780806401e-03,1.429884756550308354e-02,-4.270550712029743019e-03,-1.031857369806484653e-02,-2.753506909391412877e-02,-2.063516143797947990e-03,1.023919217305655979e-02,-4.517194753115172379e-02,-3.958726183664033720e-03,-2.161072863935482175e-02,-1.623316268208825977e-02,-3.837907790607545354e-03,-2.679310835138717581e-02,-6.966469442540174084e-04,-2.333621667055631871e-02,2.430678828207951791e-03,-4.892331303872139020e-03,-5.030596975666992536e-03,-1.981507543764747178e-02,-1.720696004483397712e-02,-1.664516340112717416e-02,-5.833773584241972072e-03,-3.283891601901434143e-02,1.746274398129661967e-03,-3.627013034661701746e-02,-3.369440134811131637e-02
7.304793331833077386e-02,-2.370671630403685393e-02,-7.563116357728714642e-03,9.172738801131995537e-03,3.789004253280239820e-02,6.099006272426128056e-02,6.348297101666172670e-02,-3.159780423133649874e-02,9.516034623667252862e-03,1.991921031868877090e-01,-4.372620490535326920e-02,-3.260767316590988153e-03,9.202093604266907076e-03,1.170209138441972128e-02,-1.217399314743710520e-02,-4.795385902626338875e-02,-3.256270902794367594e-01,8.233118804622145681e-02,1.655557612873781101e-02,8.621303002710735408e-02,6.563838383801019749e-02,-4.403092265973207811e-03,2.499002231810252411e-02,-3.161381823720262139e-03,5.478060231593304824e-02,-1.055318355436934974e-02,2.075780286647307613e-02,1.144830913076996110e-01,1.066533697557674881e-01
9.912871623864807653e-04,-4.197811911970536491e-03,-7.300108913442139233e-03,-1.186997417788752561e-03,1.930407721563674392e-02,9.510515141180482220e-04,-6.414876065640337695e-03,-2.616315679245830288e-03,-8.533308577444368229e-03,-3.874615572950150522e-03,1.933953361170033178e-02,-6.034429280218796092e-03,-2.099910301175400562e-02,2.479178383388438989e-02,-6.751868101302649708e-03,3.577616710796521077e-02,3.783847809654546784e-02,6.939090406060201277e-03,1.621322948920585465e-03,9.276010216970664857e-03,-3.571806598136390964e-03,1.238275935919240381e-03,3.052106532066929320e-02,-4.713473049133367655e-03,8.503356585147793176e-03,9.908347441773065686e-03,-5.021448954983825279e-04,4.027522033721372963e-02,3.712715949294023710e-02
5.024431507204100283e-02,4.007966357213692266e-02,-3.898178987624861119e-02,-5.247648358364735005e-02,6.982898567817705238e-02,-4.986357524536139812e-02,-3.045326824868038133e-03,-7.328610171953571506e-02,1.197902736351183842e-02,4.524624413319069255e-02,3.365014172532973524e-02,1.882686459900300910e-02,6.028565308281749746e-02,-1.968590943670779636e-02,-6.685775428178027460e-03,-5.597406153273550011e-02,-2.478273930285777166e-02,2.947345816467854263e-02,-8.280175117108077437e-03,-1.873432951236595964e-02,-3.762945198176900763e-02,8.423797385214528907e-03,1.289818356163535858e-02,-4.229953892045320435e-02,3.300894958089395544e-03,-3.195036648451814870e-02,-3.794453635922583057e-02,-6.021521078742053668e-02,-5.689437508065130905e-02
-4.028174522414904556e-03,1.667430277117185750e-02,7.440447962279923486e-03,1.342829420227431916e-02,-2.000504854493254450e-02,6.813156742776070585e-03,2.139972475952320926e-03,-8.420574943613480870e-03,8.559706800769308760e-03,6.166232922487878410e-03,1.284554050911136149e-02,-3.105002635137851536e-03,5.325039376627554825e-03,3.585736080300988039e-03,-3.391913690543138168e-03,-1.000863535722441074e-03,-1.458560280125792939e-02,-7.488543452392628199e-04,-1.854901425610111987e-03,-1.153659572735188203e-02,2.863061098051618986e-02,4.553279922900759641e-03,-3.180196712255229340e-03,7.829161336376974298e-03,8.464219660531574138e-03,-8.525042203008438221e-03,4.551824856643506452e-03,-9.494778683056186858e-03,-1.142986769847958647e-02
3.396691288381785412e-02,1.972556172508858896e-02,6.995888035936345499e-03,4.222578141268663703e-03,1.701431210859197588e-02,-1.427434948513450937e-03,-1.122550752467496062e-02,-1.490908804882226310e-02,-8.082532674899975877e-04,6.281645853437874821e-03,-2.370612932561223796e-03,-1.080449507511788317e-02,-4.729412139691527989e-03,4.515068046744585145e-02,-9.108230924682140031e-03,-1.507016655311696311e-02,4.751698577649171584e-02,-1.593199216677037428e-02,-1.785193967051270855e-02,7.373186767168837460e-03,-1.134436168861599134e-02,-4.253791175811606762e-02,-1.458263547225444219e-02,1.067252722166226256e-02,-1.676359031865870541e-02,-2.768479465712668161e-02,-8.085660781155169135e-04,-3.583513650973768616e-02,-3.490555232361672311e-02
-1.262359192016227448e-02,-1.061127531640248221e-02,3.065333273547069665e-02,1.125558134843137985e-02,-4.292603295155784232e-02,2.977609411982127391e-02,3.836669563519995441e-02,2.626105356076396599e-02,6.194957474002843988e-03,-3.403334799717465473e-04,3.666108809491760295e-02,-6.199852545804769056e-03,-1.284948426083696964e-02,1.262204774941377838e-03,-8.913974981417840948e-03,4.092934634154923867e-02,7.079638886626901315e-03,1.979696650701270877e-02,2.307268590107992151e-02,9.214790747145415462e-03,2.701435448085587158e-03,3.267462743125867973e-04,9.828432347249276002e-03,1.878408919739810515e-02,1.760413375955610649e-02,3.526644358411645200e-03,2.267832655929723912e-02,3.696589889675658963e-02,3.730942027899086105e-02
-9.581782717677561970e-03,-2.100367185248482732e-02,3.907604875004757478e-02,3.585974654673379503e-02,-3.340992015310488648e-03,3.733601019023370660e-02,4.383465187530050794e-02,6.179533150210893971e-02,-1.892660790902402166e-03,-4.155601372268421384e-02,4.303571748393029972e-02,-7.014294354597542212e-03,-2.701790561438154395e-02,1.841546296376814565e-02,-1.479636471526010917e-02,7.572304332539844807e-02,9.717310346975640764e-03,1.565908306608921469e-02,4.022236456040067035e-03,2.841874302082757209e-02,3.891152601752054935e-02,1.761554230007847388e-02,2.139884630004093569e-02,4.961386346425124966e-02,9.643848798958437607e-03,6.488742958833191264e-03,1.915836384235686946e-02,8.466381569003036955e-02,6.824896171132999179e-02
1.036044659227904063e-02,-3.826075917090069646e-03,1.069725647134252798e-02,6.408349953921556146e-03,3.456379439508945172e-03,1.340705743112138859e-02,1.282435921274450476e-02,3.625178443221030444e-02,2.964156736203203777e-03,-3.642195525383128043e-03,1.724678447609509502e-02,-1.731110530887576852e-03,-3.928210399622425117e-03,3.959846478734439616e-03,1.400490090663867815e-05,2.786572701971243293e-02,1.672514069883265786e-03,9.165337599638341548e-03,9.495448509291561047e-04,1.487626092790155473e-02,1.580722729721241102e-02,1.074150422968031190e-02,1.273936960950162837e-02,2.032792339441572699e-02,9.112108704064165315e-03,7.341299245042388205e-03,5.160439029178398584e-03,2.030293170315777829e-02,1.361606882125048976e-02
-1.831287400521058872e-02,-2.373907480533919701e-02,3.920119397857309979e-02,3.414199702231997952e-02,-1.226683107166527068e-03,3.456662666067929907e-02,3.692889625939267673e-02,5.408334556148439165e-02,2.556182590730015410e-03,-4.284263166535344503e-02,3.502465472697170734e-02,-6.922467680877729922e-03,-3.363405921077627231e-02,1.715281302032537272e-02,-1.211707536588269712e-02,7.288880364025844549e-02,8.781903181946926901e-03,1.218994565602032204e-02,5.728054457879569114e-03,2.232389201723973884e-02,3.604051658024998855e-02,1.759083949464319493e-02,1.946672695615023208e-02,5.566352921793443070e-02,1.053525504593901853e-02,4.099206220928725171e-03,2.034681882215993651e-02,1.012412211063554307e-01,8.295641615048800210e-02
3.217670196998467455e-05,-6.765881976108196506e-03,1.631453392402318348e-02,1.144066127241703465e-02,-1.337764939439383240e-03,1.108293122373823700e-02,1.825102949749801348e-02,3.107690340049487979e-02,2.592215503515957805e-03,-8.672262149935239597e-03,1.722296342007136050e-02,-3.269709077210599009e-03,-6.149949997853611412e-03,5.911375503442189159e-04,-8.384344213973922303e-04,3.144042876558735683e-02,-2.738665468773675629e-03,8.118352965282080516e-03,5.155213048302608077e-03,1.209357008323845399e-02,1.622442470538693407e-02,1.558521743666554070e-02,1.446434794738373636e-02,2.616493872167097862e-02,9.341429147916937431e-03,7.474234320253403396e-03,9.967637549886363552e-03,2.854193343523104415e-02,2.106828702786167629e-02
-5.621041131353054533e-03,-1.509896180706110820e-02,2.751702283349769657e-02,2.240702085043694627e-02,-2.476820052326435088e-03,1.872756829949007162e-02,2.906768587716057617e-02,3.352855038914218794e-02,2.287415480786230380e-04,-2.663979579890115440e-02,3.045986941865249861e-02,-5.018326797504472220e-03,-1.707559788322599720e-02,8.710137792090165768e-03,-1.022133702798418489e-02,5.028911449799860350e-02,5.378537799997690563e-03,1.079260970359041151e-02,5.324681619693238943e-03,1.650818041120123356e-02,2.635897284499415238e-02,2.167041749790528729e-02,1.745781836224300637e-02,3.476976197038732924e-02,6.420014913226511702e-03,2.265257908337967897e-03,1.406774571981268644e-02,6.766266261603087750e-02,5.503252885573819975e-02
7.805265314795164361e-03,-8.735743965015632531e-04,-7.434871778473551261e-03,-1.496923257897905292e-02,1.384268423648659166e-02,-2.183049604976807986e-02,-2.325489639665995201e-02,-8.379609033046150554e-03,2.924198037444023825e-03,5.821225050315357967e-03,-3.009278935019433360e-02,7.558642253184507179e-03,-1.847319078556158498e-02,-3.780433174908890553e-02,5.046528832406997275e-03,-1.536077390649393665e-02,-1.552514810256690365e-03,2.325457598575897573e-03,1.338954199764613544e-02,3.240082530753538373e-03,2.548722421300436605e-03,3.232898997548425829e-02,2.196427984177901777e-02,-2.653647687581615205e-02,3.334220532699409476e-03,-2.088365500650121373e-02,-5.067204326165287119e-03,-6.726228605833076135e-02,-6.320386788502098396e-02
