2.501603391167185695e-04,7.674084098147975440e-05,3.736300074400131092e-05,1.997106431484128061e-04,2.002664354874782963e-04,5.666903830177729312e-05,1.151457421490836256e-04,2.079858551752887324e-04,4.185025195331665000e-04,7.389474559098904857e-05,1.000000000000000000e+00,8.775613103521312107e-05,8.846560368324839707e-05,4.805066220668288528e-03,1.324770156435443067e-04,5.366554646132383217e-04,1.918653206848659439e-04,4.144097093983043368e-04,2.788931012149180669e-04,8.289448514480795465e-04,9.052477154629568661e-05,3.650125779091128791e-04,1.085231214895446576e-03,6.756757726202913784e-05,6.638842229632489127e-05,1.047445203772833904e-04,5.691529218198085300e-05,8.911527505816000012e-04,1.045095501722343801e-03
1.200193370898515059e-04,2.294054847734387206e-04,1.749616494146076482e-05,7.715284933377398850e-05,1.004228697762538769e-04,5.290626558134691745e-05,5.841787586172503201e-05,1.245090866848250319e-04,2.560983329686464835e-05,4.512689942762180564e-05,6.349036149151505667e-05,2.219645522201956010e-05,9.345641467464831890e-05,2.299070887009921685e-04,2.686658837054755464e-05,1.167116406911224304e-04,6.391916697825383777e-05,1.006519697074267249e-04,3.813138916420334950e-05,3.698647249171051253e-05,1.281816997003498769e-04,1.876113844668249569e-04,4.068912700719409169e-05,5.696516190644049205e-05,3.242730912020293850e-05,5.276880072151251920e-05,2.496472805438227141e-05,1.713092575101783242e-04,1.540158057237417898e-04
2.333593702477546419e-04,3.898318887449036413e-05,2.274354739424748925e-05,2.098299085547124346e-05,1.689266983665032055e-03,2.753877562115771336e-05,1.884152917640220045e-04,4.952484752265707679e-04,2.456847409680652398e-05,3.431050878126879231e-05,5.626506823603475354e-05,6.058456536948469784e-06,1.015850321096907960e-03,7.571894688800414458e-05,8.961355281266040519e-05,6.946609825945350002e-05,7.980906578580142631e-04,2.416851557056046336e-05,4.057341906894028143e-05,1.708246583629132478e-05,4.115307898494806186e-05,1.139377021218137501e-04,2.535575903460832821e-04,3.981307237866802545e-03,3.286388804622284820e-05,2.257802085835801192e-04,3.175960614416451606e-05,2.823350644915196411e-04,2.675846834512140985e-04
2.030965544472118243e-04,6.825197730117883439e-05,1.731700601913718153e-05,1.980753927001508569e-05,4.729373730605152210e-05,4.004975885909429231e-05,9.492325561695842586e-05,9.893472741002709494e-05,9.112258537214920368e-05,8.150288887512069098e-05,3.185448493330559575e-03,2.405201195038049038e-05,3.916479495634555614e-05,8.389697654720481982e-05,4.017722879322873893e-05,1.187815357060792145e-04,3.774022688352720667e-04,2.578312553688391783e-05,1.552957245159377600e-03,1.717737142618158002e-04,3.809814931485025876e-05,7.998063455223623959e-05,3.345574457685679886e-05,3.484165864071288619e-05,2.808421870686552985e-03,6.432580880513817916e-04,6.031270089701152600e-05,1.724777435613332281e-04,1.581130820629005377e-04
9.710503542371695402e-04,2.169480698010179222e-04,1.292687744451549606e-04,1.188914405245927399e-04,4.538406781477810994e-04,1.664012117086569205e-04,1.005011542656452208e-03,2.273401445205673523e-03,2.437511828639331475e-04,1.000000000000000000e+00,4.616239849472238057e-04,1.515798083281219056e-04,9.999999999999977796e-01,4.972965214245314179e-04,2.106352587944549087e-03,1.140227798718950305e-03,2.702632583671776660e-04,1.000000000000000000e+00,9.647499235682157085e-04,1.000000000000000000e+00,3.255386185486342301e-03,7.391135884099109092e-03,3.608563517440748413e-04,2.199156379668824011e-03,1.769255646213421709e-04,1.891571351390545662e-03,3.338203128358262261e-04,9.975276010965763822e-04,1.190885934009160412e-03
6.777853697905088454e-04,1.715311779452181255e-04,7.212618619068322605e-05,8.706189682670708023e-05,2.484417551291198938e-04,1.224780832020538369e-04,5.578355354469054705e-04,1.083042247021805344e-03,1.182911183322358926e-04,1.000000000000000000e+00,2.260641005456957343e-04,1.928901737144029474e-04,2.290173156034431255e-04,3.632626036418365413e-04,1.001678645671928236e-03,4.592518453747187796e-04,2.571807914944029784e-04,1.000000000000000000e+00,4.808425822969630229e-04,1.000000000000000000e+00,7.764765257365880639e-04,5.442943114255930671e-03,2.687041966629327185e-04,2.619623770285019757e-04,1.314092126069986855e-04,1.605101613179910113e-03,1.502260551146519861e-04,8.160193396191139405e-04,6.639949110140574854e-04
3.225007502672409126e-03,1.000000000000000000e+00,3.479294885559489200e-04,1.868424662015016359e-04,3.706711486920236890e-04,3.397926405218270403e-04,1.748727042999542042e-02,8.595431100519756095e-04,2.416177693014993628e-04,3.099320231206365494e-04,9.745153070406630934e-04,3.315788236554763991e-05,2.389019451699463462e-03,5.407998555326585730e-03,2.216023087021041593e-04,2.105721060241931303e-03,9.461805408728938063e-03,1.901109993503547553e-04,2.252225374971786754e-04,1.000000000000000000e+00,2.628428309177844495e-04,9.999999999847442034e-01,1.983783421889991723e-04,2.393732110249845960e-04,3.699047561354019595e-04,4.997592532246845042e-04,3.939289393622077431e-04,1.000000000000000000e+00,9.046455014202458558e-04
1.218069533593325648e-04,5.258712158278124028e-05,2.126569185878893185e-05,2.552904633184672071e-05,1.672343930602070681e-04,2.986635401508404069e-05,1.033952742404035881e-04,1.275572376251792300e-04,2.496171554536955219e-05,3.532587248500720662e-05,1.142572211766145537e-04,6.096529494452839526e-06,2.827460203246275126e-04,7.753915146125794141e-05,5.065737827287602823e-05,7.143956800534862546e-05,9.700689871179039739e-05,2.687416303810196083e-05,3.747985383084388928e-05,2.362611583348740138e-05,3.346034042036265645e-05,8.266343197883519410e-05,4.847346380983455494e-05,2.426815579533188718e-04,3.213185471967236581e-05,6.469744070618907894e-05,1.806341265706949163e-05,2.116715639952710857e-04,1.855251513575254950e-04
1.150521921411951483e-04,3.760529647356047406e-05,1.639673689791077088e-05,6.124930736623024189e-05,9.804125331394183593e-05,2.863767389359996393e-05,7.497304694264883963e-05,9.811201404406721786e-05,8.804521742399050216e-05,3.935629969962822007e-05,6.203931939966678317e-05,6.965422828442828799e-05,4.319654728658042542e-05,9.383717794609075394e-05,4.264393846877371239e-05,9.785125026754408354e-05,4.198586081969343206e-05,7.643622451252441428e-05,6.127314700363399136e-05,2.093605180219082005e-05,3.308873208581585696e-05,1.881566738407528959e-04,6.006399158336352541e-05,3.414205146829739004e-05,3.005935786513412732e-05,5.499811469994611926e-05,1.511170527471080290e-05,4.163484654057170360e-04,3.962598198466443919e-04
2.550370409197198741e-04,8.068977395642070718e-05,3.783357652806435857e-05,2.124098992677233753e-04,3.583032119962750554e-04,5.760153595926232223e-05,1.115840337317930013e-04,2.586550419770268310e-04,2.167815837283466104e-03,7.057593345982464926e-05,1.000000000000000000e+00,1.058459604209689237e-04,8.175041523342119610e-05,2.012851504232817355e-03,9.914438470351772423e-05,1.036975520323892355e-03,1.970833221591994876e-04,2.277056448350827668e-04,3.420758823734937229e-04,2.157326537865605345e-04,8.667732986837817450e-05,5.887876352256938900e-04,5.250152255161461088e-04,6.774175462524830349e-05,5.868976177388599583e-05,1.043575603571200841e-04,6.547789979233156895e-05,5.575751572105612335e-04,5.854304041161440420e-04
1.297004578039893062e-04,4.835139268087633246e-05,3.309966955804701622e-05,2.851061058255785493e-05,3.954890105595224481e-04,3.168403462939090438e-05,7.672153083247359876e-05,2.065449936150349423e-04,2.437441730576068760e-05,4.408821738574588095e-05,5.599873995361967331e-05,6.598342642112875920e-06,5.614854786482612395e-04,6.724582959104879445e-05,2.550356474413105522e-04,6.594219181971800055e-05,1.350809043505262017e-03,3.111017164425834160e-05,3.690375538254292941e-05,1.900486657268118327e-05,5.979275278729417653e-05,8.669510155778600749e-05,4.008522313370485200e-04,5.916209698525133533e-04,3.123227004732330426e-05,9.389355053297098071e-05,2.402749440301822905e-05,2.881190002389471378e-04,2.833631590158156694e-04
2.613762744079265701e-04,8.810062565339946367e-05,5.236312894603802406e-05,2.377480130155556213e-04,1.134581916229386508e-04,3.667063471145642738e-05,5.471687684461848888e-05,9.945511655980431845e-05,3.672836435745941705e-05,7.267128878576672600e-05,9.143620539882896399e-05,7.202914645092941297e-06,1.996901076793305204e-04,7.666328847037286805e-05,7.421436582916220723e-04,9.839270670991476632e-05,1.029905589732159278e-04,1.377115842666454346e-03,7.694560071413211310e-05,1.553200531655922652e-03,4.503371912571431336e-05,4.788146950980840585e-04,2.006725666643954396e-04,3.475457230409100565e-05,1.185700950383686064e-03,9.197218120943265445e-04,1.297282516637954332e-05,2.430660847557812034e-04,1.860494971624064922e-04
8.830446298944619318e-04,2.219310108294800536e-04,1.189604565636225063e-04,1.183553017323306096e-04,6.154972645058111400e-04,1.764736413712706439e-04,5.057789873934383012e-04,6.733384551962110810e-03,2.343335732969861447e-04,1.000000000000000000e+00,4.723035530041598063e-04,4.074331087750743025e-04,9.999999999999543698e-01,4.452879925882356651e-04,3.438248647208532512e-03,9.816796880545643374e-04,2.466952352865275748e-04,1.000000000000000000e+00,2.336155871060843162e-03,1.000000000000000000e+00,6.252781159963255973e-03,9.257604342711623843e-03,4.408462742489334591e-04,1.674989195980506121e-03,2.216479614535222663e-04,2.477658504035860562e-03,2.007405227508425377e-04,9.911615931364836738e-04,1.003939957730686991e-03
7.523235960005944176e-04,2.253020988752436914e-04,1.190713302834643276e-04,1.447516041434081897e-04,1.000000000000000000e+00,5.241675596699453413e-04,4.553670306015399983e-04,8.693315007841945913e-04,4.557934906379627199e-03,1.975250162098133211e-04,9.999999956073409857e-01,2.054492471977095855e-04,3.093703335283616140e-04,8.969724154711681066e-04,1.817648743011592244e-04,1.517048097316911264e-03,4.048961122294567603e-04,7.924384609964664960e-04,4.207510467342911141e-03,1.000000000000000000e+00,3.961194660367162233e-04,9.999999999999926725e-01,3.404109859307049451e-04,1.951155601516198765e-04,1.821259934064838862e-04,3.067231479586696868e-04,1.397726209847992458e-02,4.511408140231478944e-03,6.133897057061718332e-03
2.592588576246190575e-04,7.673758784167654780e-05,3.836472106178259630e-05,1.735247178296374067e-04,2.050775893639890238e-04,6.000225597956688811e-05,1.114544870411509605e-04,2.727103004699812081e-04,1.093064512357757928e-03,7.163937694000156058e-05,9.999999999999965583e-01,5.983974768814264209e-05,8.267077251938595103e-05,3.363550120019531079e-03,8.989393765596734374e-05,7.969175225294668121e-04,2.538474452930300127e-04,1.848805461908199267e-04,2.126993128841844403e-04,1.455481839725750583e-04,7.916655839757905122e-05,4.511854354172108021e-04,5.117919504480898532e-04,6.545982301575625198e-05,5.862731161778628240e-05,1.042542889389494215e-04,8.193457994918571267e-05,5.488678681676034286e-04,5.735476240587678671e-04
5.048872872991671829e-04,2.610795673401003535e-04,5.287541872185980867e-05,8.221929025894219494e-04,9.999999999997555289e-01,1.137860445508145056e-04,3.758325293244705830e-04,1.024159606539088016e-03,9.112690135116157688e-05,1.133608661364271866e-04,3.580681488243263040e-04,7.919949970300015486e-05,6.430665952143902256e-03,2.428248843066613608e-02,5.148950745752631968e-04,2.384564273790189563e-04,5.911528055925923709e-03,9.999999999956475927e-01,6.292629747958584062e-04,5.810952566573364755e-05,1.426850114857167358e-04,1.814453038311761041e-03,9.763838953502900495e-04,1.592200816962108690e-04,1.082143833317254837e-04,6.211163064383082213e-04,4.214937412465234555e-05,7.827812341055476360e-04,8.370094113321225465e-04
1.644778125342455659e-04,3.962784287948994385e-05,1.628427910066335225e-05,5.535959051891314967e-05,1.117443142010057008e-03,7.274610756471447100e-05,2.241196139680965240e-04,1.519505519359076566e-04,2.654431220996216658e-05,5.182882521182269526e-05,1.337030543860172728e-04,6.452979375121478209e-06,4.796830989911880983e-05,3.446454670473210967e-04,6.347948384897623172e-05,9.642321083766105898e-05,3.393311676381036016e-04,3.313554607028196177e-04,1.133318787857650397e-04,1.532247911821896913e-05,4.470175647842205641e-05,1.968064530379904330e-03,6.910014177482179420e-05,3.689267851352734438e-05,2.828900838611051434e-05,1.040838511188492535e-04,1.307048304098955041e-05,2.781051918490523860e-04,2.939302917129180083e-04
3.181635325274528490e-04,4.332916430186522903e-05,2.376883172847686946e-05,2.244808783579867189e-05,1.639271681968284449e-04,5.811017173480350636e-05,6.677326575224698307e-05,9.817086528127876054e-05,4.877380340520926459e-05,5.215404684052863028e-05,7.760809207153997376e-05,5.634532664674236445e-06,5.867950301952029547e-05,1.048578872730872937e-04,2.890446728127081950e-05,1.713337181875400047e-04,4.623983709546592428e-05,2.450411561436569445e-05,5.114238590856848049e-05,7.736978743619817999e-05,3.888506020806176675e-05,8.425379492551111210e-05,3.287435644631899818e-05,1.538702706788512835e-04,4.472701854000323273e-05,1.281400084035594540e-04,1.641756471735608076e-05,2.059856819794927084e-04,1.735823084603315292e-04
1.272048849051226314e-04,1.488122807581953493e-04,4.287300845563358744e-05,2.057460121806682697e-05,6.835992363753047314e-05,3.109689793597132082e-05,5.469716825665745555e-05,2.405057506489394258e-04,3.754415061161803772e-05,3.901590337086712331e-05,4.946780668343667316e-04,3.293672254696709887e-04,4.338098899764603457e-05,1.257427323585817681e-04,3.038650799027757600e-05,6.631492980009736455e-05,5.287823652314830713e-05,3.114522850262100304e-04,1.431380042842618397e-04,9.637814538327337324e-03,5.020777625190153882e-05,5.606110324040417198e-04,1.081770502318594481e-04,4.607844633658766590e-05,3.016630355359985771e-05,6.023541218755732184e-05,1.595046826787518428e-05,3.011854728088148698e-04,2.492818615830278643e-04
1.198281487574854231e-03,6.309280372028673069e-04,1.441030355008726942e-04,3.761540362669951753e-04,1.000000000000000000e+00,2.793985547433741590e-04,4.314366642271470743e-04,9.310561079239210863e-04,5.028211669339489528e-03,3.302005799086202048e-04,9.999999999974459319e-01,5.453399343269617642e-04,3.039877767069452084e-04,1.239923678936787847e-03,2.415648108285406957e-04,1.766854744053294665e-03,4.970619870160555061e-04,2.445594863780352519e-03,2.952795647255649931e-03,1.000000000000000000e+00,2.532003112386839970e-04,1.000000000000000000e+00,5.399460013542843302e-04,2.779422738274419931e-04,3.283493340880838814e-04,3.810753670838902280e-04,2.630607257834334262e-03,1.000000000000000000e+00,1.111471621768294130e-03
9.404398783579617227e-01,3.928054181568487509e-04,1.927739602903416898e-04,1.265241643919029870e-04,2.751922783476057647e-04,1.968434310045034160e-03,3.738174441826578069e-04,1.730395067259929637e-03,1.619377564295272154e-04,9.999999999999995559e-01,1.792188878335003455e-02,1.326767387228085660e-04,4.787260440480040785e-04,3.925193690071077210e-04,1.709557055087437165e-04,6.633309974165586820e-02,1.000000000000000000e+00,1.618255556643798804e-02,7.466537821260619493e-04,1.296787075828057488e-02,1.957787672609175283e-03,1.984737189615550564e-03,1.992200031805434820e-04,4.152887102753376083e-04,2.064309873966604881e-04,3.049065325957519223e-04,1.271039591421682310e-03,9.999999991311794290e-01,1.022693540980014774e-03
1.171387906382217244e-04,7.620035521069448540e-05,3.339508830266045948e-05,2.880772058549106051e-05,6.398583981858067674e-05,5.472837550075587763e-05,6.372990731705956385e-05,1.089619259912977077e-04,4.060384086577379704e-05,5.778833975229975616e-05,2.684440368888709599e-02,6.128570043564899755e-06,5.208096924791903569e-05,7.229710112037885349e-04,2.649971368090914441e-05,6.904603543254050348e-05,1.173493988599187438e-04,2.540135348598440999e-05,5.783205892461186471e-05,2.534052946087349809e-05,2.493030798695231400e-04,1.671815721085329086e-04,6.309450550048405779e-05,7.831705582359493531e-05,4.483187297650757471e-05,5.163103183055664427e-05,2.342499510528407421e-05,1.830053860487160526e-04,1.540260172862653880e-04
6.066963012695112843e-04,5.971605308088932459e-03,3.160239235847150745e-04,8.268124676659874901e-05,1.516196123615163119e-04,8.884535838434553655e-05,4.591608336060580033e-04,3.589234099891400014e-04,1.129097630793517810e-03,1.116135567979969812e-04,1.000000000000000000e+00,4.897368934394836929e-04,3.302820745099514354e-03,2.376679102662328322e-04,7.939710799610378775e-04,4.392209101742681338e-04,3.411559678111499559e-04,5.170841154924152305e-03,1.900411774555030970e-04,9.999239121494860605e-01,1.031248024533334745e-04,3.423068826058845490e-04,1.250630838355399829e-04,1.041580171069651377e-04,1.008824315719607456e-04,4.542438387176877027e-04,4.214766983278247668e-05,7.859648945177680158e-04,7.984127456211744748e-04
5.385759864752652027e-04,1.650271222340466597e-04,1.603872803080889226e-04,4.764383710616403793e-04,9.721816532361272131e-04,3.106821415195724868e-04,2.441295645738030928e-04,4.046462678660020344e-03,1.181985539225787401e-04,1.000000000000000000e+00,2.253310344386906972e-04,6.018143945439791202e-05,4.505807906959170654e-04,3.183729128690779438e-04,5.907714990710480341e-03,1.348809163877996318e-03,4.166709989072331951e-04,1.000000000000000000e+00,3.100286002597015434e-04,1.000000000000000000e+00,3.952863778996888733e-03,4.755573500682450279e-03,2.420117197480808619e-04,9.399855718430763160e-04,1.416066123891113031e-04,9.128441298135118315e-04,6.014724675655078537e-05,7.594065690676755909e-04,7.467887480120646891e-04
2.576088228844732909e-03,2.383989893803307395e-03,2.655373317134446785e-04,9.524815833059706673e-05,2.942193250075305147e-04,1.271982941101716799e-04,9.877537768297599552e-01,4.525855318202584902e-04,2.292882854146394503e-04,3.950546364533532250e-04,9.999999951252505070e-01,9.397238036484166415e-04,1.273547672271377849e-02,4.666230701618643770e-04,5.490113282332258204e-02,8.726115938673064841e-04,8.969254572936043515e-03,7.186704612298146786e-04,1.743556310987830758e-04,9.999992647876595475e-01,1.465352860199401462e-04,1.236456292973521498e-02,1.558984625086773704e-04,1.434700774625663163e-04,8.262676217441018364e-04,1.681266994009710317e-03,8.588329867204781850e-05,1.092084257480241448e-03,1.022461606681113883e-03
1.732186236510844092e-04,3.964891158179272072e-05,3.068034466659617145e-05,2.072507806103611572e-05,5.991928394295804709e-05,3.127112649660527692e-05,5.573779349870140948e-05,1.015870666608496256e-04,4.282380000133785959e-05,3.968713298413568122e-05,7.985148432969833019e-04,2.392247581978451231e-05,4.624494522508946283e-05,6.912059964191603911e-05,2.571719534085472280e-05,9.761469429278034392e-04,4.494828018875217471e-05,2.669488948755397445e-05,1.257666782822290880e-03,2.584131139923426723e-04,4.113156251002312902e-05,7.970971187571040332e-05,5.894848906781428080e-05,3.436772250937729627e-05,5.222936037728980195e-05,1.162136608606381791e-04,3.406373783073138317e-05,1.703977173232232290e-04,1.480584402712729279e-04
8.604599929959964606e-04,2.805920354790380827e-04,1.499130279222703438e-04,3.840102922431970402e-04,1.000000000000000000e+00,4.165113659328715124e-04,1.353728468619435363e-03,7.901534569246777091e-04,1.547155961165124459e-02,2.696653250355084239e-04,9.999999461124516875e-01,2.987985329257972309e-03,3.505449082864745122e-04,1.179219829410456388e-02,2.315581364052297843e-04,2.853428902888732830e-03,1.383342010117084115e-03,2.324160723104722395e-03,8.426988681304549075e-03,1.000000000000000000e+00,3.787019999203789780e-04,9.999999997443428379e-01,8.338824628042452135e-04,9.999267190406651018e-01,2.454273484497797655e-04,3.863997636090073500e-04,3.262854097565038441e-02,1.637457272426697669e-02,2.457594630162092744e-02
1.787529649672030794e-04,7.008660189894517427e-05,6.032645816347318222e-05,2.274812929543790164e-05,4.689941766689667985e-05,5.204394582398782484e-05,5.429199116839777657e-05,1.422059364206510748e-04,2.580351591181349400e-05,3.102406802541981157e-04,1.015828043586598176e-03,2.478984360104940775e-05,4.923196551629319497e-05,1.454100512729435786e-04,4.005416199433255967e-05,2.293923695285577660e-04,2.295930763555951277e-04,5.947479384263255962e-05,8.344446509964478786e-05,6.436538715617144539e-05,4.338304435290862187e-05,8.461072506642711003e-05,5.658855178481326278e-05,3.691168896228393109e-05,1.238277843102935966e-04,5.383316709132460675e-05,1.293884741864726145e-05,2.529956186701611074e-04,2.283422353075871666e-04
1.371784891587119425e-04,5.353490643849607961e-05,8.353947650548176115e-05,2.211071594228632121e-05,5.362513488331980036e-05,3.065420392117395481e-05,8.576541100506132739e-05,1.937742613266015175e-04,2.344514936663812067e-05,4.017893000155924998e-05,5.050337433587704137e-05,8.732638447619308418e-06,1.113071088478265007e-04,6.696761239822059206e-05,1.067534381688631413e-03,1.214011105916836230e-04,6.016594124565911731e-04,1.845013783386502859e-04,3.686325591125750624e-05,2.970596145241958220e-05,3.724086110000077529e-05,8.037376250875544778e-05,1.033180088537422319e-04,3.197685340389080851e-05,2.914580203397680578e-05,1.104534399104958154e-04,1.580569430077775095e-05,2.187658825594090419e-04,1.956538537421247982e-04
1.493557759984343156e-04,7.092741071803723783e-05,1.758117688026662173e-05,6.280308705767817957e-05,5.741518239290705042e-05,3.047099591179767912e-05,5.724948675421003843e-05,7.548582089814488607e-04,9.582074459874348991e-05,5.998453283593689248e-05,7.253526095353906569e-04,9.968023332131637008e-06,4.607783519316888273e-05,1.035620522253252832e-04,2.194169910426585837e-04,2.124723994514630173e-04,5.473311773046714984e-03,2.753104030574258395e-05,7.434487679451545576e-05,2.550825718407802011e-05,4.311903884183459319e-05,1.517511765224167648e-04,3.379653181162196125e-05,6.473854436449924022e-05,1.703515181431399916e-03,4.378199809175945911e-04,1.309057605522150900e-05,5.783036063674711633e-04,5.267852083648160615e-04
2.547239560164344134e-04,2.015444092704725756e-03,4.063439462515719533e-05,4.187102601468997438e-05,1.067432053381669522e-04,6.225996966515421650e-05,1.173312938694136043e-04,2.187598256559686544e-04,7.395120621608603385e-05,7.388202041015664624e-05,3.722685205844326883e-02,1.247204096779072583e-05,1.517892070278240762e-04,3.032394882803864621e-04,1.120806836622434866e-04,1.646173751942552348e-04,2.873682435311266650e-04,4.387560800008282261e-04,8.367647591661143448e-05,9.999999999987102539e-01,6.893402195820631817e-05,3.691691349302250085e-04,8.090976118334603016e-05,1.740374073498941732e-04,5.758397455265821738e-04,1.063029356135222579e-04,5.267250389254037762e-05,7.668742328847121285e-04,6.498541317146245069e-04
4.949377270844524139e-04,5.050174872239971568e-05,1.696085481088362379e-05,3.607769183533303419e-05,5.273438999556617464e-04,4.420984529619500201e-05,6.658744826583655062e-05,9.984037089865883800e-05,2.338887808732881103e-05,5.678825555187547034e-05,5.678178076205847764e-05,6.523930885358917964e-06,1.201727597640082858e-04,9.240497425278145459e-04,2.247214122758552112e-04,9.262071080374425082e-05,3.867182715744323551e-04,2.400346817300105909e-05,9.076730108891772095e-05,1.736459254993826995e-05,7.306043014104225946e-05,8.367219627950604885e-04,1.103077104284739965e-04,3.701442743016914805e-05,4.327075600404082026e-05,9.953507246784001222e-05,1.305634843751332239e-05,4.408800193568696165e-04,4.611400396649224624e-04
1.937870200287001134e-04,3.698082945812727261e-05,1.790046269947154946e-05,5.366699587963346253e-05,6.300653739701082097e-04,9.164932164234772792e-05,1.118875203846644042e-04,1.614986056210627032e-04,2.321939766356621577e-05,4.063168087034072363e-05,5.035540229607018319e-05,7.695675925416406991e-06,8.913603643424515576e-05,2.363250367857167369e-04,4.469346252687764529e-05,7.542151898191840271e-05,2.616514234796845934e-04,2.708299707228094654e-05,5.306195651268048186e-05,1.824704184608615630e-05,7.956080920502405071e-05,3.564381748073716942e-04,3.476665435910201123e-05,3.698964505899896064e-05,2.811280428058488543e-05,6.832896045181381130e-05,1.681650789422178276e-05,2.756300351777935280e-04,2.797342757386498649e-04
1.165464688822292723e-04,3.700154143342658313e-05,2.214719177580056877e-05,1.972149357006504043e-05,6.583035260564815540e-05,2.730727392174576084e-05,5.364172456956051616e-05,9.830926786732055239e-05,2.411322851776102671e-05,3.591660382734333692e-05,5.374731247493210438e-05,6.400638167936174093e-06,4.663595997079828431e-05,6.636048349284505259e-05,3.828082202691260300e-05,1.372491024879529523e-04,4.173610855718016697e-05,3.324015797352232514e-05,3.856109810459722588e-05,2.975456878067594282e-05,3.265225309170229800e-05,8.336630848904718802e-05,3.764227319143089947e-05,4.215773422814978556e-05,3.026581321924085103e-05,5.934532679312709314e-05,1.288910287732504141e-05,1.700737601980503656e-04,1.468699539034959260e-04
3.448857078811123585e-04,7.668416214081776668e-05,9.681560332535216185e-05,9.999809302409390366e-01,9.794499454104422815e-04,7.077097567860069860e-05,1.368640129084461451e-04,2.308428248036509527e-04,6.202858242446482708e-05,1.384849355617445005e-04,3.907578331632338112e-04,1.249086455638440545e-05,8.673795469977142042e-05,3.084543230265349351e-04,1.047654561680654565e-04,1.470373350168450305e-03,3.867055194456401929e-04,5.427508149534711676e-05,1.583157316064376678e-04,3.613533690140299391e-05,6.758921990575073339e-05,4.953776924154840340e-03,2.389259359622103983e-04,6.729694830790953488e-05,8.005509356336754870e-05,6.199095975381572771e-04,3.391971121896526401e-05,3.690568066492955755e-04,3.443066265702941363e-04
2.379375316767013858e-04,8.356670725280072344e-05,3.952790510014632332e-05,6.081508622926846941e-05,1.445628837719333643e-04,6.821725295536612706e-05,1.127758689275103654e-04,3.245134390455274337e-04,1.574160310006919345e-04,9.594288978612390149e-05,1.000000000000000000e+00,3.846248403841802908e-05,8.069160078986675299e-05,2.558137847434080849e-04,6.691054200220987241e-05,4.078483040002191923e-04,1.199079417930374393e-04,3.324007164456888562e-04,7.420219628119208372e-04,6.232397689482816632e-05,1.011028318542664682e-04,6.573300480027513201e-04,4.333573398148622756e-04,6.934490210599811592e-05,6.002782168138521787e-05,1.051417722678252113e-04,5.180382982301350481e-05,8.737472949313197313e-04,8.744448357207489433e-04
2.696943452657288320e-04,8.138458407317023262e-05,3.358020116735221288e-05,4.103815837586059209e-05,2.973811895651456354e-04,1.606612772045562239e-04,9.999999999997483124e-01,2.179420378544222282e-04,5.727958432803578493e-05,8.023675075067142359e-05,1.333188919969205812e-04,1.290811112725352495e-05,2.376931613886675693e-04,1.384163031109419018e-04,2.485322544860250112e-04,1.368254144969285662e-04,1.831848538455857229e-03,6.055348026766005403e-05,7.648977746251737163e-05,3.677118535829737296e-05,6.692870258770429036e-05,2.099824882875254539e-04,9.788699803058043827e-05,1.775985189379648138e-04,8.590554894403020425e-05,5.815167682481774429e-04,3.304082504229266564e-05,4.002801730073188486e-04,4.183310215943332314e-04
3.603100316710409231e-04,4.044476750610305249e-05,1.032306580230684604e-04,2.107501137782552498e-05,4.704428917928662172e-05,2.730952035517771455e-05,5.382685465563811985e-05,1.280749534102362244e-04,2.320259594590909209e-05,8.230415336969432161e-05,9.846685922932820595e-05,6.538254046157944644e-06,9.198088361575059325e-05,7.469893525727911527e-05,6.971808949965036559e-05,6.780058298868534353e-04,5.773717737319579511e-05,3.885713883494782843e-05,3.917265567468345577e-05,1.507888461715861759e-04,5.492636751053200521e-05,7.945458683966184115e-05,4.025351124773955284e-05,3.129350790050125183e-05,3.041386676352158776e-05,1.137258846885768991e-04,1.776235284236711023e-05,2.494922735055548767e-04,2.162638041757287879e-04
5.685341745993421339e-04,4.101959351879774985e-05,2.236441223292090949e-05,3.019474293107336110e-04,3.240946965454416366e-04,2.110507854437460474e-04,2.040469864641550682e-03,1.368824741369683022e-04,3.638726412596768171e-05,4.062580819710095011e-05,1.016836297409496763e-04,2.818144526439667107e-04,5.566870113138858682e-05,2.671645570086113460e-04,3.922015627527604555e-05,6.294648806589321069e-04,4.587593921493507014e-05,2.453548245684734875e-05,1.552524907628332685e-04,5.696248856410775034e-05,8.331228294768151116e-05,1.587654242805074578e-04,8.345039721404526128e-05,3.151632472870326523e-05,1.391965260602291373e-04,1.528545379110809771e-04,1.146785718872781173e-03,1.004922749429971313e-03,1.393070800927446269e-03
6.149869627077405492e-04,2.116514249186551497e-04,2.853963113871347827e-05,2.490705425830587764e-04,5.480767813812707648e-04,7.165327949207299927e-05,1.070714855845409660e-04,2.172591560672729844e-04,5.158253978115381753e-05,6.915568394927327253e-05,5.389598173977326850e-05,5.101564239164770075e-04,1.952037904251026704e-04,6.690467087174932926e-05,2.672055641036183435e-05,2.678744202412082368e-04,3.840501028990158300e-05,7.019849212401758388e-05,3.733151301958734095e-05,2.779737336740775353e-04,3.288518786497174502e-03,1.027061889149143674e-04,6.483363387376797594e-05,5.005127823773267105e-05,4.500766858541993803e-04,5.129997213503449069e-05,4.487741214050623641e-05,1.711225117621309423e-04,1.484585232248754479e-04
1.858628117460728291e-04,4.111290107373143988e-05,4.619038639456874231e-05,1.269936716847214285e-04,1.098962808602022348e-03,4.132942353747698496e-05,6.420631717173456467e-04,2.883771810693164760e-03,3.772611329737610359e-05,2.594686053106544680e-04,5.099284514292495868e-05,9.059848088926632034e-06,3.917737024508553411e-05,9.548808013847284802e-05,2.575139236994492984e-05,2.526555590493505536e-04,5.744546656275785945e-05,3.777828345941863997e-05,7.361141706231515462e-05,4.314384916129228407e-05,4.349442205464114169e-05,1.079452565259609524e-04,1.474837296764018580e-04,7.279902451080943852e-04,6.617630087941156632e-05,5.736829555940413427e-04,1.037199174694377577e-04,1.341687116334778660e-03,1.414987326950799479e-03
1.217206161074647084e-04,4.083045488548578563e-05,1.709814462695005219e-05,2.940071688395529470e-05,1.504830235867146422e-04,3.014833806268155071e-05,5.845684934239442723e-05,1.023692105483786131e-04,5.139547930121700017e-05,4.168374626727090038e-05,5.160997153216431526e-05,5.953858239132803433e-06,3.995101256140933476e-05,1.037042910123237173e-04,7.293391305251681388e-05,1.526281196243919110e-04,7.474620647744688090e-05,2.941328490367734860e-05,4.413263094473487768e-05,6.653504154289608893e-05,3.258845638997244536e-05,9.820270451237375186e-05,2.583895941836956089e-04,7.642802646652368235e-05,3.233127513207697829e-04,1.033392751263140322e-04,1.650265291296996184e-05,2.359760511950442351e-04,1.735526566507514820e-04
1.189402301884030707e-04,4.297743092867270162e-05,3.904676493031536974e-05,2.099573731738206707e-05,9.009388529104172053e-05,3.609072337684520165e-05,7.900149119933963721e-05,1.679605641251704707e-04,5.937837304039910770e-05,3.787707912057096534e-05,6.028126073363880913e-05,9.302405485816561323e-06,3.899091752680901719e-05,1.164447112202888514e-04,2.243413151591949100e-04,5.887367448308065921e-04,6.150514457498860619e-05,3.986600852299861900e-05,4.443145031848179247e-05,2.556064421418269132e-04,3.363003977926149038e-05,1.904051309168782401e-04,1.128012136252486575e-03,4.235095147062343260e-05,6.926488580908648834e-04,9.276246983929270615e-05,3.956580160929705286e-05,1.965571707856859495e-04,1.536334044481409643e-04
2.435918010625378151e-04,3.741734117203220577e-05,1.645456340305304405e-05,2.131433919475556174e-05,4.690525906959636809e-05,3.050916063341391438e-05,9.610427116590696244e-05,1.043330007654750505e-04,2.506275023547213700e-05,3.427294530093593044e-05,5.038349332706552701e-05,5.930391531362993311e-06,7.500903591797139622e-05,8.838503818409988591e-05,2.987612146687856785e-05,6.912595972091455565e-05,6.524542731544605149e-05,3.528233619472443587e-05,8.709254742936655270e-05,1.642181215167784635e-05,3.183950314512960930e-05,1.729721370823283141e-04,4.011193672738861147e-05,5.254950488533181966e-05,2.991368530257660141e-05,7.903171490772359234e-05,1.457826691396113292e-05,2.770795359169455404e-04,2.248937402858819823e-04
1.400157085043475915e-04,5.440233479078561483e-05,1.627650352483539430e-05,2.137976041655393947e-05,4.729700256184857194e-05,2.949364711651588733e-05,5.364942055786584295e-05,1.075879316606706879e-04,4.609753547214384852e-05,3.394381052015513938e-05,5.124978948195704602e-05,5.987077339547961591e-06,5.589017971438454334e-05,6.769511380529257710e-05,3.119371175621312863e-05,6.921252495302225528e-05,6.282951966118673992e-05,2.443976907076917708e-05,3.784386373033042568e-05,2.202291513910162749e-05,3.242781274600619695e-05,7.944057029684216539e-05,5.075433821800331605e-05,3.683672066939594253e-05,4.712938377446073296e-05,5.084766112566324429e-05,1.315364313298306635e-05,2.075546430315894407e-04,1.606201984914705917e-04
2.849131736071459399e-04,9.378849643918593334e-05,4.822153073277287262e-05,2.230307244946463615e-04,1.687813037721973579e-03,3.513732801965068641e-05,5.176722604502313144e-04,1.470579408154861108e-03,9.673327189490582470e-05,2.349079832964153934e-04,5.088836353375453638e-05,1.523474616702448125e-05,4.594076725088202666e-05,9.236046390729750835e-05,2.757960116994314967e-05,1.498309573267158051e-04,8.031995298011897276e-05,2.667237337708176334e-05,5.431044645046661590e-05,2.620444009576195575e-05,4.702651110483371496e-05,8.334209134630170051e-05,3.930053917745457567e-05,1.235204398514736781e-03,3.290645313323968416e-05,1.066834159091130391e-04,1.127405665173703903e-04,2.902934223222186205e-03,2.905499776397973445e-03
9.599286361391727801e-04,2.516020158871429681e-04,5.286984636685406814e-05,8.821310320404030197e-05,2.523717838537501237e-04,1.882656817240492694e-04,5.663009208432570564e-04,8.852684318852107465e-03,9.199635199681028500e-05,2.251473902807785382e-04,1.000000000000000000e+00,5.557345913871176914e-05,4.347106296753934138e-04,9.206950127924391769e-03,1.984475330016449691e-04,5.104983198379190248e-04,4.311953922595875011e-03,1.529539989142688174e-04,1.203673951835881726e-04,1.035637868931202007e-03,6.478820847943699999e-04,5.142536512778558616e-04,1.394853465980464653e-03,8.758357635359733176e-04,8.488861615535508954e-04,2.432946287606098401e-04,4.404516055580868849e-05,9.979020692257636327e-01,5.193943608194712602e-04
9.996955906313305107e-01,5.771878867289277539e-04,1.658364419568208472e-04,1.897755599171519413e-04,8.442682827873045472e-04,2.780869567547142253e-04,1.000000000000000000e+00,3.213261309221623202e-02,3.938272176013967222e-04,1.139814930837924596e-03,9.994873973884698115e-01,2.531285196131791235e-04,9.501856264946143080e-04,6.939431129222377835e-04,9.999999999999185096e-01,9.471868690463392665e-03,6.937402237595531422e-03,9.999999999997694067e-01,1.821038320947659375e-03,1.000000000000000000e+00,9.638034807888604940e-04,7.072542351743431495e-04,1.104147719952674068e-03,2.896990892858090851e-04,7.127500727986429323e-04,4.495858824281248872e-04,2.181602128518420395e-04,1.209012620079267381e-02,3.183858795575267991e-02
1.233396552889620907e-03,1.000000000000000000e+00,4.552236626411634455e-04,1.994993900669601590e-04,2.374968958911107507e-03,5.030245318682938574e-03,1.656218441637978241e-03,7.078240010921415864e-04,1.874583547028757611e-04,2.765161149774435071e-04,6.613709917997284910e-04,7.107286420211190374e-05,9.999998704926367221e-01,4.797271881955440516e-04,2.742117838748577181e-04,8.793180526730213532e-04,2.942987239572981018e-04,3.190349399914560544e-03,3.091770164549201608e-04,1.000000000000000000e+00,1.762686323469456586e-03,1.000000000000000000e+00,2.468893013169164326e-04,2.352068997614367816e-04,1.855586561189356701e-03,3.936134181665922960e-04,7.751073762718150607e-04,1.000000000000000000e+00,1.172787802415130006e-03
7.114515933264227042e-04,5.462551612428645671e-05,1.863282730411009954e-05,4.097698283020273627e-05,1.155559663392877320e-03,4.285499605720837949e-05,7.022521091812324392e-05,9.959466194892286272e-05,3.206551790189564365e-05,7.453712768976579223e-05,5.428163440963548590e-05,9.756326944120095288e-06,1.336403043464863278e-04,1.642138462488194461e-03,4.184325093589561580e-04,9.253815055901040937e-05,8.502916050600717963e-04,2.454420783471329389e-05,1.212956987429232597e-04,1.579544154159647152e-05,6.203266281513112766e-05,1.515885531211172942e-03,1.744469213856907834e-04,4.843561011621376900e-05,6.520994146332184443e-05,2.499208332291639892e-04,1.326475428863989000e-05,3.415884796099116641e-04,3.594334348850475552e-04
1.143514590712255494e-04,3.729715337478191534e-05,3.351600889366842395e-05,2.102988140413207183e-05,7.310067202927091046e-05,3.781813709910124635e-05,8.017611039977483843e-05,1.729333083201149148e-04,3.835663750287151343e-05,3.408612925024714777e-05,5.468590249709141880e-05,8.666868643168096069e-06,3.895480303785587092e-05,8.849034155594163943e-05,8.899991345354520481e-05,4.457457691008418193e-04,6.970845787018397808e-05,2.979701035035655087e-05,4.155871220369446135e-05,1.530866090908415428e-04,3.284830278805725580e-05,1.785812645890255787e-04,2.959075922046426220e-04,3.248502892222374496e-05,3.301420202740488899e-04,1.366657559625277180e-04,4.036471824663022330e-05,1.806821292051776873e-04,1.479415719289337223e-04
1.296702176981361803e-04,1.194342493108730888e-04,1.675576550201712293e-05,2.635302482033062213e-05,1.111824747236429172e-04,2.809305079585316709e-05,7.187990693958534304e-05,1.003076509698371986e-04,2.484761468547095766e-05,3.479825367275772758e-05,4.281683041763555283e-04,6.587446189349337109e-06,4.829702123030205741e-05,8.439389870782600263e-05,3.926862402814808160e-05,9.635616964127815404e-05,8.697822093920388250e-05,7.031656111401912495e-04,3.837791094675667517e-05,1.559656268658147701e-02,4.001940469805473523e-05,1.633491988223649007e-04,3.328504816969389145e-05,9.433171178086675196e-05,2.429963164402431383e-04,8.923089377332387654e-05,1.341709172754322001e-05,7.162707444513873338e-04,7.995287554436931489e-04
2.482209770442733027e-03,1.037683117535702246e-04,4.153585168027803425e-05,5.381336774017181801e-05,2.368431926613477677e-04,6.612323634686211548e-05,9.999999999999727995e-01,2.405960099883715242e-04,4.967512028252040211e-05,1.174308512389482724e-04,1.706263459421561901e-04,1.268402000944825330e-05,2.341878455404027351e-04,6.115148706892458135e-04,8.756499281806135501e-05,1.456401998271602931e-04,1.247251016450369064e-04,9.197720040643042746e-05,8.115360857297788705e-05,3.198468723989206008e-05,6.600377779511212839e-05,8.193356898074445919e-04,7.773860982477916843e-05,6.596806208017551624e-05,5.868771038640417014e-05,2.334549132999991499e-04,3.031848038563150183e-05,3.647101395433624028e-04,3.396724844312154208e-04
9.327486836996146721e-04,3.747105249395224692e-05,1.914132486692502627e-05,4.236999472899810593e-05,4.085318030709330045e-04,1.119812597788580767e-04,5.450336872710768115e-05,1.334449901592564037e-04,2.396911871231217049e-05,4.165500660799792177e-05,7.003822875030627697e-05,5.635886590626166104e-06,1.437016672246426818e-04,1.450244828511661947e-04,2.594876026755530424e-05,8.663104033463526739e-05,8.176920905970914239e-05,2.419376993270256821e-05,4.067380784185452926e-05,1.548238709958829666e-05,4.931256779117097787e-05,1.537669748408791942e-04,3.324950368746355681e-05,3.178448324130673776e-05,3.300310673625422327e-05,6.042181223407324959e-05,3.372405538998860712e-05,2.733439617866111841e-04,2.662486324878175076e-04
5.713135386218731737e-04,3.903311104286335772e-05,2.660533150513609647e-05,3.967166861716068128e-05,3.750612805748182541e-04,7.697498836261767237e-05,1.149126211933459486e-04,1.530543035846629850e-04,2.663010082005341751e-05,6.680936703347907968e-05,7.666738283337816082e-05,6.109445029815182051e-06,1.296641894857044816e-04,1.563018666669864336e-04,3.924798802808705838e-05,6.617028017508979189e-05,4.305087250988058465e-05,3.077614727123666698e-05,3.995080513156777516e-05,2.386406557071555837e-05,3.763560246303805662e-05,2.309392694658457610e-04,3.742370810244770735e-05,3.853405826588242176e-05,2.985266910640827160e-05,6.091652121529212880e-05,2.304623142983420556e-05,2.742555754117661365e-04,2.934984075933510530e-04
9.096182053979397089e-04,3.761528388312730372e-05,1.623296559716951658e-05,2.732323432777700628e-05,4.700265427331111543e-05,3.522932144084655335e-05,7.715746283204990056e-05,2.982549021455415056e-04,3.369216181608567938e-05,2.709154421846750966e-04,6.064710661427256293e-05,1.577112288778256970e-05,7.529592628292237021e-05,8.211434143508187470e-05,9.809641989313957653e-05,6.718906333201433913e-05,1.234152989999375309e-04,2.406795004774551643e-05,7.420628811071956798e-05,1.741756953534843381e-05,2.579680411029371015e-04,2.755326205241419345e-04,3.283415528284240224e-05,3.178443939493502750e-05,4.202261793529567734e-05,3.744023954948169338e-04,1.640289501332517819e-05,8.371142574854194014e-04,4.746257549097391074e-04
9.041737303192610986e-04,8.759112275220501875e-04,4.293904746976218482e-04,6.359520173687578659e-04,1.189084704764130926e-03,7.580559907123506080e-02,2.119754487700860768e-03,8.619473166757775666e-04,4.539887363822960194e-04,1.000000000000000000e+00,5.172543355977230915e-04,5.257318339192407208e-04,1.465741045956551287e-03,5.389928917277356712e-04,3.088320191732519485e-04,9.999999541548769688e-01,9.999999999691132624e-01,3.632234145249800816e-01,1.536781070264861201e-02,9.999999999949338303e-01,3.487689992291640763e-03,7.340256993682483383e-04,6.563620002565548296e-04,2.476960927424872415e-04,2.899653320271087294e-03,8.258995961076379165e-04,1.668343100502129445e-02,9.999999540060655612e-01,1.348377548621550095e-03
4.130763766797217705e-04,1.124769860775371138e-04,1.802195019847474880e-05,1.450700462274585390e-04,6.141296891492519481e-05,6.051159404882226967e-05,5.556763129968818955e-05,3.107521839747950563e-04,1.083713195470509933e-04,4.970783866673756898e-05,9.431422153014805323e-04,1.431350982113375518e-05,1.315384423203248170e-04,4.490215236345380424e-04,6.686888576263280736e-05,9.818864532553303061e-05,4.382202585948664561e-03,2.768408921240110232e-05,2.326434454317394956e-04,5.934406237710402422e-05,1.045968386996187332e-04,9.358828718508951038e-05,3.459071824559745709e-05,3.933280990268953932e-05,6.178134454544665418e-05,2.884646649981036158e-04,1.317241607762841804e-05,5.551197861254521379e-04,3.887602503224834834e-04
1.786151710295509187e-03,1.020852108899206618e-04,3.029292615773385581e-05,5.142741047987163115e-05,6.006888165523069367e-04,2.748723226403570176e-05,2.014934479415983275e-04,1.139666956476639029e-04,2.982634987643816365e-05,2.625548254879364911e-04,1.637708894977729494e-04,5.738787088384055508e-06,2.397507842957532337e-04,1.961049646987399501e-04,2.955826425658563214e-05,7.194013922839467465e-05,7.000104503824763642e-05,1.722320605354017839e-03,7.348043913846260774e-05,8.530913370678379641e-05,1.464672408744969762e-04,2.607183861030541033e-04,2.116849712283195445e-04,3.174991057559069517e-05,5.165054362846149914e-04,1.080751147124029993e-04,1.755762372812961613e-03,3.581026870971220450e-04,4.997652006559176593e-04
2.082792548724252644e-04,1.190478719379402803e-04,6.799289307919552567e-05,1.589883357649519101e-04,8.266376476579215087e-04,3.751090480118576896e-05,5.933143856953930007e-04,5.792183581453811325e-04,5.032423348586258986e-05,2.488771522414747936e-04,5.160795117063735255e-05,6.515221821198728499e-06,4.457176639508325747e-05,8.430391155185825640e-05,3.824992460146396070e-05,2.958513016642011842e-04,5.831837213256589830e-05,2.708297738913196579e-05,5.351090954844760005e-05,2.139021179052727842e-05,3.809513114626148059e-05,9.536964776107047812e-05,3.970680240401745282e-05,2.167418610537267393e-03,4.235265414385995996e-05,1.573658076189369452e-04,9.623877312904199704e-05,1.764856815809485915e-03,1.881135655237072858e-03
1.293231728945136829e-04,3.718896554294173946e-05,4.939527529807601986e-05,2.129999646978957700e-05,4.844275215726334059e-05,2.739083158444838683e-05,6.529012953220456289e-05,2.139265908389706016e-04,2.320295888131322754e-05,6.583981571364345953e-05,5.053488617158195773e-05,9.091640367094520317e-06,3.933889159967770269e-05,6.026178448691873676e-04,2.782757991475538986e-05,8.013348963723162524e-05,1.337411122266571589e-04,3.113187471076039078e-05,4.002599077453556530e-05,3.217937092464193127e-05,1.120950207934046534e-04,1.070140457867389046e-04,3.586220099016173234e-05,1.368282042168274747e-04,3.846512574377194038e-05,7.561273462987644237e-05,1.343068614594775960e-05,2.174294140912945601e-04,1.828235168782940527e-04
1.167628518039144224e-04,9.900711815511139603e-05,7.651030027727225588e-05,3.235898919032310884e-05,5.174504582522887231e-05,9.555203812808217611e-05,7.387015704895714095e-05,1.129475893159598022e-04,3.657559183060380607e-05,4.474619382165125547e-05,2.292174967899312729e-02,1.252034009753495158e-05,6.419187198085337710e-05,7.024976023812887639e-05,5.530069887108098357e-05,2.033764875494445412e-04,4.471159859852617434e-05,1.011314052559320205e-04,3.790423524859428122e-05,1.052783391865521430e-03,1.356565463925696747e-04,1.521197457970897328e-04,3.769121710329930244e-05,3.201956785593196747e-05,1.102583389100887141e-04,6.700297589514608593e-05,1.500522397355680765e-05,1.750414698298748410e-04,1.508634700129795952e-04
3.975239338596106217e-04,4.941508061679110903e-05,1.807119133711281389e-05,1.954058811244560351e-04,1.456623688711206760e-04,7.142480588101026578e-05,1.129366907507960843e-04,1.066680695482026623e-04,2.493935179205810653e-05,3.412100493743248268e-05,5.542414170459786785e-05,6.116685563484682059e-06,4.829397204143739269e-04,1.633575636334460830e-04,1.382416075021134676e-04,6.740984121288272227e-05,4.471028854374775049e-05,6.988267821875184980e-05,1.035000634840972466e-04,6.905376925730034691e-05,5.810870172930594963e-05,2.400665872408789864e-04,4.204110966454406031e-05,6.810920221556846258e-05,2.824764455373851332e-05,8.736291981218866336e-05,1.775156346368096677e-05,2.277705905218357723e-04,2.086147170257504114e-04
3.029175030298656324e-04,4.200419704541531664e-05,1.649747183395043853e-05,6.282500759989038497e-05,1.081582803566656751e-04,3.800379364982863834e-05,6.102487447599668890e-04,9.900556241992050936e-05,7.035472493166657331e-05,3.519849368885774301e-05,6.067438350095666734e-05,2.677002394368961405e-05,3.912135897802575192e-05,5.859147012308132257e-03,3.999225799635053319e-05,4.296811244149414109e-04,3.109195118560222439e-04,2.947120352221994043e-05,1.729175361393445068e-04,2.392325581396166937e-05,3.285511247346493188e-05,8.323125603553221572e-05,9.646402668235720061e-05,7.436251944891637974e-05,7.677042277960468577e-05,1.673957812751748775e-04,3.509406103399263831e-05,2.831583588500591938e-04,3.270129496899065822e-04
1.754365871793979372e-04,2.518638581361964447e-04,2.128145075353169344e-05,2.421383201773383010e-05,4.784897441709794696e-05,2.842063980468583010e-05,5.432429415329777228e-05,3.175713959968831245e-04,2.808967525707357593e-05,3.406382227319681370e-05,1.232870513517613583e-04,8.153672164862845142e-06,3.909331732383314415e-05,8.039923848547946624e-05,3.238924143556234296e-05,5.497656080026269970e-04,1.031142819454831033e-04,2.488600327308882300e-05,6.493312769944587903e-04,1.355029185755599270e-03,4.452544929121631694e-05,1.799816697815433348e-04,6.758411095971057195e-05,4.049493272729163835e-05,7.912152201600774852e-05,4.751521240635569608e-04,1.380237374227816310e-05,1.819920152197556198e-04,1.593265679168802428e-04
1.176345183492159997e-04,3.265670377408459225e-04,1.631849767652944827e-05,1.994077013944788978e-05,2.514354269149703287e-04,2.739650941098722899e-05,1.729042203539983503e-04,1.254614814392640218e-04,1.267309273525310032e-04,3.655880489770772058e-05,1.339985385782326141e-03,1.027123322707909208e-05,1.580833988490864053e-04,7.676011327281323840e-05,9.839709511789730960e-05,8.805132180038245779e-05,4.291525308518602592e-05,2.341377730734012317e-03,1.108948447235337423e-04,3.065799791345104699e-04,8.084936633754613870e-05,1.786220903643325245e-04,3.321431500445727624e-05,3.204287254845796131e-05,4.104665547697880609e-05,1.527936979343976929e-04,2.970496733254330830e-04,2.667095892627665220e-04,3.560192654243148590e-04
4.230044559768369539e-04,3.996748591785814796e-05,2.068971116512880156e-05,1.490135779789536019e-04,3.758550550660882711e-04,5.638268753330723341e-05,8.601406578419704737e-04,1.219972776398244789e-04,6.050923956430075590e-05,3.475006725039577442e-05,5.156521807165862290e-05,2.656843509147736654e-05,4.081485597641529674e-05,5.829283196184314661e-03,3.364094722471443953e-05,6.445390749403362343e-04,4.108938701360185337e-04,3.010702963675511150e-05,2.735867862619800360e-04,2.320841347111580704e-05,4.472697838514358431e-05,9.443358963082998283e-05,1.269353508627236711e-04,4.317890277175185021e-05,1.614865561067746350e-04,2.215787056615304011e-04,8.737145146899562536e-05,2.898549019573638656e-04,3.320998459276804766e-04
1.958494409198765118e-04,5.477058749285738742e-05,1.650132607571834040e-05,2.951987979791737346e-05,2.263248537613764798e-04,6.127602502782052867e-05,5.205772797747384648e-04,1.270602785229227631e-04,2.563422638616929386e-05,6.378864177545777545e-05,8.278400586589724434e-05,1.608597963453516330e-05,4.751408359014722073e-05,1.082366752216830721e-02,2.635885099231317460e-05,7.457998716886487319e-05,1.984270322707647714e-04,2.787029113928644869e-05,6.698887680269827985e-05,1.656591482643993479e-05,3.235775532152804251e-05,1.768294446622758966e-04,3.649527080957283586e-04,4.760157424400778703e-05,4.187876783409213576e-04,1.146182963595675621e-04,2.462616912660423924e-05,3.262171752782369767e-04,3.428820449495661245e-04
5.038171987818461720e-04,3.713409175432790454e-05,4.193038759319226913e-05,3.203128772629740343e-05,1.882520841348914360e-04,3.169570314789834633e-05,5.503834960822574183e-05,2.716150084062466806e-04,2.584101881750414001e-05,8.378547353072683527e-05,5.182667034089886635e-05,6.443624767467806316e-06,1.602596846124775193e-04,1.075588264150041808e-04,1.501492721776708113e-04,6.883097533431787045e-05,5.181007929210483358e-04,2.407797374188665635e-05,4.095202791444122928e-05,3.095284249453929287e-05,2.866309988328533532e-04,1.163031506918806463e-04,4.724654332699174315e-05,4.011144720466671310e-05,4.070200576595520218e-05,8.812698942193116164e-04,1.823555101383465146e-05,3.335108254552812462e-04,3.104259276322397635e-04
8.858281210410867300e-04,7.296936879045963584e-04,1.881304686807258510e-04,3.861879635697779167e-04,6.031530257865530585e-04,2.456298176773196004e-04,1.000000000000000000e+00,3.234640794585882332e-03,3.638186400029243196e-04,3.155280538858606498e-04,1.000000000000000000e+00,6.880409356371779562e-05,1.000000000000000000e+00,5.568840902575524117e-04,9.493373491133219860e-04,6.345085153889977458e-04,5.983553068331266822e-04,1.000000000000000000e+00,2.706806470467299202e-04,1.000000000000000000e+00,1.556974855601347615e-03,6.816603192213142610e-04,3.990712683421927874e-04,2.256111508382495432e-04,2.364176048079300258e-04,9.502565868385108539e-04,1.503958267796043867e-04,2.282267796184868185e-03,3.883205816109761618e-03
2.508080041626337565e-03,1.000000000000000000e+00,3.627828945969700943e-04,7.333540251614755227e-04,1.664690511122986303e-03,1.104254764507606353e-03,9.999999999999901190e-01,7.265517490331295514e-03,2.058896445317235074e-03,1.172765121226607620e-03,9.986553353537339639e-01,1.492716628433813123e-04,9.999999999999948930e-01,4.462346988625852905e-03,1.000000000000000000e+00,2.708943026855656269e-03,3.309730393088169964e-03,9.999241047424116680e-01,8.524410286789668679e-04,1.000000000000000000e+00,9.999999980141781597e-01,2.596646188105711760e-03,9.249025443735164409e-04,7.047296888972706848e-04,1.000000000000000000e+00,9.999999999999996669e-01,9.999999999638550241e-01,1.000000000000000000e+00,3.801753043444656890e-03
1.231377331576245869e-04,4.740790482390661964e-04,2.698715757151587787e-05,1.967751955747779494e-05,5.617072993101808687e-05,2.902376016119320108e-05,2.488112472694091449e-04,9.888311348066074929e-05,1.369174616021804659e-03,5.602626046185370641e-05,1.150936712825418240e-03,8.846710322700496567e-06,6.099078738034572440e-04,7.070448997758177522e-05,6.439974973709446625e-04,6.776930163835353073e-05,6.072885694484850874e-05,2.814042351578592408e-04,2.269255969990233233e-04,9.888924989454005979e-05,4.753451946410546132e-05,7.684359727161759824e-04,3.292927839135007537e-05,3.930002439996051325e-05,2.841237939043267296e-05,3.149705103310736524e-04,1.920450393280203520e-03,2.583538012570529060e-04,3.934098194692372055e-04
4.772031836968436977e-04,7.099321753150701110e-05,8.410711960805208637e-05,1.959984473673788218e-05,4.720749071181448210e-05,3.964287477050838082e-05,2.424910645380661141e-04,1.280308267394516977e-04,2.445665145327977663e-05,4.483490874049204727e-05,3.259811327857252135e-04,8.794451613127224302e-06,4.069384033515034688e-05,8.969224675705467090e-05,3.023893533153675103e-05,6.922372285024078924e-05,3.892657037390637620e-05,1.019168338103119921e-04,4.459539858377084277e-05,1.539533368199526742e-05,4.774665230938967018e-05,9.187743042926628675e-05,1.202863972955097572e-04,3.822050495231970707e-05,3.636250932571946664e-05,7.182222134526413000e-05,1.649036581789087844e-05,2.524558992212255922e-04,2.654350204601128881e-04
5.963853264380055905e-03,8.738255356672832927e-05,3.665944993060885206e-05,1.178681896610862107e-04,1.368729081047859078e-04,1.183518802914556613e-04,1.156213476881346136e-04,2.039338513527293899e-04,4.922102284796106027e-05,1.714981138939406175e-03,2.116117789765464656e-04,2.420392732851601720e-05,8.844999764798426394e-05,1.721489549590450065e-04,1.525935504343221936e-04,1.888117765477719326e-04,9.999998239609395601e-01,8.046437265143387477e-05,1.332946754283411610e-04,1.620046435271554083e-04,7.569870170417186033e-04,2.867832424540944889e-04,1.411758684530866009e-04,1.015838472719474866e-04,1.168989754123683664e-04,2.010882392355141943e-04,4.505448940044554952e-05,8.634741569004929576e-04,6.479184614681458539e-04
1.365970285694121018e-04,3.697267334593107329e-05,2.411814571720744354e-05,2.357314426531726851e-05,4.696211097852629070e-05,2.352168795409590319e-04,1.195501935989870805e-04,9.927316847739782772e-05,6.994508522522867072e-05,5.575218521178780529e-05,5.043841886452017691e-05,1.008463788966909217e-05,3.933738805215379825e-05,6.897842922725351479e-05,3.714503577262237680e-05,6.658892482141273597e-05,7.664871095333698910e-05,8.832251176269290452e-05,3.595490863396553377e-04,5.248501140187083791e-05,2.550601050542157478e-04,8.852745340228986232e-05,1.036917828247892518e-04,3.144589105620189504e-05,9.171259557277887647e-04,1.137682393530354646e-04,4.094955300173661050e-05,1.715118087475798428e-04,1.590899876798650126e-04
2.164351817795291026e-04,5.934177984888110282e-05,1.676947086463230024e-05,1.998071374283999586e-05,9.757986093251016027e-05,1.404439948552046156e-04,6.663056566434361701e-05,9.848845279781437607e-05,5.603090796204150703e-05,5.735115716729514951e-05,1.452081640834140342e-04,5.914545871292115336e-06,4.523074390509292710e-05,1.307031490679893963e-04,3.006118413826346786e-04,1.037984197130585769e-04,1.041369026754554190e-03,6.775263438602600809e-05,3.772583024930814175e-05,1.595400077863478610e-05,3.235087629546564092e-05,1.161204641120154027e-03,3.438231209762751718e-05,3.139179795390117483e-05,2.684685034117478396e-04,9.074167455374443619e-04,1.409855920163404706e-05,2.459893388324417649e-04,2.299120210969318495e-04
1.337507568978569920e-03,2.005743325599510885e-04,7.837656955147279114e-04,4.074271336078074085e-04,1.652111148734707871e-03,7.422286725987290682e-05,2.116090232966159109e-04,4.956744083256122389e-04,5.638248824544981745e-05,1.503317934079426653e-04,2.539505210872114319e-04,2.115513792931900781e-05,9.395415579041189080e-05,1.405790962419539649e-04,1.000000000000000000e+00,6.492191306303351410e-04,7.903768514542868200e-05,6.279164273129726412e-05,1.331152341927082240e-04,3.504303793019854273e-05,1.685986437206394564e-04,1.662414493526856180e-04,7.419640442234739629e-05,3.127817408517781310e-04,6.548671761206906802e-05,1.064728245387105900e-04,1.210906160322747194e-04,3.580855950051789276e-04,3.067911629569673075e-04
1.789325580323271076e-04,4.107619729675456764e-05,1.774554019090446270e-05,1.989958631984618681e-05,2.704080498516925747e-04,4.353661914210287323e-05,7.566676658144874039e-05,3.523251619768631954e-04,2.436004159948863503e-05,3.650659120571873856e-05,3.038218291353509976e-04,5.653390788865864172e-06,3.052994446617752068e-04,6.925832021446901531e-05,1.309858201667980771e-04,7.296988924438643114e-05,2.438440899160105690e-04,3.070087340968734844e-05,4.024557858527511402e-05,2.283816718968687641e-05,3.668886872703574066e-05,2.649382864863699359e-04,3.514441070331707293e-05,3.554371860952066330e-04,5.883754958872033062e-05,8.347616454316668247e-04,1.554131948694864845e-05,3.192081409843705781e-04,3.091740174983997067e-04
1.705435658117304947e-03,5.746586067799584448e-04,1.955020536554184730e-04,1.449949987751745053e-04,3.891668215875965470e-04,4.081678090627128240e-03,4.028122709298622632e-04,1.766483645369431406e-03,1.479650962253383417e-03,1.000000000000000000e+00,1.268356365608136645e-03,1.904223453229960696e-04,6.894542004182936581e-04,4.819923206220978707e-04,3.397627719723491811e-04,1.000000000000000000e+00,1.000000000000000000e+00,1.331704572018399362e-02,7.188303725400621569e-03,1.000000000000000000e+00,1.063708364583619602e-03,6.036749885642908727e-04,1.175243659571743437e-03,6.337601935028714176e-04,5.475133418678208505e-03,1.414286691534755516e-03,5.042431931603062484e-04,9.999999438102826765e-01,1.188249737780679161e-03
1.780153409212108673e-04,3.947760269163972687e-05,2.267314982839726580e-05,2.083956524572301160e-05,2.532557502376453647e-04,3.093786375148725758e-05,1.413457431837334896e-04,1.011526343530146121e-04,2.858853228602669549e-05,4.199318159195929314e-05,5.054983262468358931e-05,6.316113267645293762e-06,3.416934015080665501e-04,7.382824801251964533e-05,4.253768559564397343e-05,2.579047768133702371e-04,2.380478490149156017e-04,2.734892886624110147e-05,3.685370026060373600e-05,1.822911266772208710e-05,3.201822644121715385e-05,7.962414273238723817e-05,3.144359087599344986e-04,1.060635523125979233e-04,2.969554900117989105e-05,5.291531259343323191e-05,1.850992838723747349e-05,2.465623844655052510e-04,1.997987484229706793e-04
2.438476441773721685e-04,7.812282752018794279e-04,4.334953408023594327e-05,1.000000000000000000e+00,1.401494953639932900e-04,7.248325147432913007e-05,1.136850726279938086e-04,5.440288421464423195e-04,5.245803635417020135e-05,9.208526328547695370e-05,4.476346725742993450e-03,6.870849836476139872e-05,1.528122944608538663e-04,1.524189511285839905e-04,5.847036700993320772e-05,5.571545328397352510e-04,8.367511169114477795e-05,5.345555116787442499e-05,9.641603226081487570e-05,2.208284541419464140e-04,6.647357119857548425e-05,1.890092646319027820e-04,6.967657940711027777e-05,7.495211557466135586e-05,8.642265682318060933e-05,1.792952655140256119e-04,4.473810195983731950e-05,3.606149285083102098e-04,3.124344345426896975e-04
3.809068865251240645e-04,5.767774162188134810e-05,1.752331117447355292e-05,6.736045823751773357e-05,6.151628886124991386e-05,2.763230439759377632e-05,6.139821259738028995e-05,9.834617572674753518e-05,2.339284922036450297e-05,7.547569954782086630e-05,1.215144733759941810e-04,6.553714635132130653e-06,4.287521297256505817e-05,1.432302003028046390e-04,5.637401004326499961e-05,8.798755787058330248e-05,5.683338218711554230e-05,2.548540292091838825e-05,1.355079443589875634e-04,1.341260180503667395e-04,5.874870103461353335e-04,8.764657474983871270e-05,3.777315098950452868e-05,6.440172465906792289e-05,5.806535363501681891e-05,1.960948994895010677e-04,1.398248367928757123e-05,2.105754050717598895e-04,1.707040072235575107e-04
3.003262619926325692e-04,8.909464565711898085e-05,4.173457472767815203e-05,4.333443158769690484e-05,9.687322685684439133e-05,2.296250482742612275e-04,1.258876409777708971e-04,2.344471142512036992e-04,4.815254257376536492e-05,2.376682160057218968e-04,2.009605913390546548e-04,1.174674475884316927e-05,1.063506543489912612e-04,1.791135774283422061e-04,5.570325134205487402e-05,1.357700224355559726e-04,1.000000000000000000e+00,9.175006198588121136e-05,7.861432118980718952e-05,3.175432505815431103e-05,6.917758906865741065e-05,4.117819589344911733e-04,8.212896989125545433e-05,9.659536694137510471e-05,1.308549844036277499e-04,1.294476046289654481e-04,2.704801547699469522e-05,5.492974902552376880e-04,5.446488579965688736e-04
2.407286297352446123e-04,1.291968437171986601e-04,3.398320338624368837e-05,2.331403641866617920e-05,1.834601641043969095e-04,6.283349962642931273e-05,5.482377516041650711e-05,1.004208155375434935e-04,2.364512577749840330e-05,4.057973335000417554e-05,5.072764546775016897e-05,1.607563236653952163e-05,3.326976800737920566e-04,2.110790174150213052e-04,7.696006767026891953e-05,1.096852858352455594e-04,1.357149723545462137e-04,2.794290798936218263e-05,3.892921347187896033e-05,1.865585078265318686e-05,5.257517715095505560e-05,2.088137015583848937e-04,4.751212626870312324e-05,6.863815805468358785e-05,2.806059849616681970e-05,6.599002523947481347e-05,3.315693114005905854e-05,4.524179633482293015e-04,5.326017597312885732e-04
4.539806337179227969e-04,1.207416102562908688e-04,5.495766893542056744e-05,6.354010278911107639e-05,1.685840126671745169e-04,1.003355262640628936e-04,2.349940953960327414e-04,1.422584384941207123e-03,7.849760641933094685e-05,1.000000000000000000e+00,1.922361703566059993e-04,6.164855447421707278e-05,1.367119969987861544e-04,2.338819913421897538e-04,3.918746063633509781e-04,1.000000000000000000e+00,1.439080126592372298e-04,7.756274987354853706e-05,1.493185071114303041e-04,5.483223531027023095e-05,7.607261153004649026e-04,2.624466909309748804e-03,1.497322107952761409e-04,2.065686087167351037e-04,9.237956294370081446e-05,5.680344045401244111e-04,1.128976669429566183e-04,5.465680017293747701e-04,5.357358305910702801e-04
1.221588468422276134e-04,5.019803991336244006e-05,2.079455456966882714e-05,2.309170046717586990e-05,5.426116014906326234e-05,3.255087521948676053e-05,5.643069646224285795e-05,1.295524179001609263e-03,2.324056495241216434e-05,4.954793556187222044e-05,5.164064653844173522e-05,7.746535870941814413e-06,5.107229264890936627e-05,7.073388932095883610e-05,6.070079556472419069e-05,2.338284222338994807e-04,4.665656888499439129e-05,2.631335581003212026e-05,3.860758636565131738e-05,2.546351635246682637e-05,1.790240202061508927e-04,1.454404147710280329e-04,6.930388456196921493e-05,2.457711336046863849e-04,2.804958198983833277e-05,7.321537179993237686e-05,1.750224959335627700e-05,2.223206242684817966e-04,1.510755849679498925e-04
4.050393094494516818e-04,1.197794827300585017e-04,5.403578883775265345e-05,6.318947978893778099e-05,1.587840870782499956e-04,9.618207172181340620e-05,2.728668947493392621e-04,1.363168464006701006e-03,8.460414567370181196e-05,1.000000000000000000e+00,2.138816372356799889e-04,6.444162257485743254e-05,1.548381358946118041e-04,2.472053591059940347e-04,2.860204363545465196e-04,1.000000000000000000e+00,1.440577024854836899e-04,7.700440057372292429e-05,1.679487807631045444e-04,5.065827156378018622e-05,7.388109185677806589e-04,2.631533593540403160e-03,1.404409571468745118e-04,2.970846231177496494e-04,9.586676328078898985e-05,5.968847851691210177e-04,8.970419100028192256e-05,5.714312391469685698e-04,4.856072880294813295e-04
2.407838314830468046e-04,8.208076484963653351e-05,3.350090873945118922e-05,4.591523849244405860e-05,1.026774345317025780e-04,5.854031115800237771e-05,1.236884664691563507e-04,5.312128207933619704e-04,4.857712563751025522e-05,1.072159489315220333e-04,1.044980154068498831e-04,1.543975071920428193e-05,1.294667996773954930e-04,1.469466725921362682e-04,1.366581719736815841e-04,2.084783734692124296e-04,8.006679014166810681e-05,5.013990905756541156e-05,7.621615053155148781e-05,3.254211514840359002e-05,1.339834102233975496e-04,3.638207737572790568e-04,1.021912421984327483e-04,1.000000000000000000e+00,6.348486569846098666e-05,1.944625896546645148e-04,4.840524973941535405e-05,3.608334296008521990e-04,3.090162382931912338e-04
4.043925967028875134e-04,1.225328417116169487e-04,5.316118918772924542e-05,6.284114122129705695e-05,1.557438434058281036e-04,8.794035162178597009e-05,2.402726453011640184e-04,8.039730976955927538e-04,7.840540463908625445e-05,1.000000000000000000e+00,1.792790589372721794e-04,4.768008297250011103e-05,1.328513643829248674e-04,2.285710496993372063e-04,2.094710597515932952e-04,1.000000000000000000e+00,1.399766302311791636e-04,7.669978763737511315e-05,1.513434076817160947e-04,5.059411785044849291e-05,4.876123016578614569e-04,9.952651203970681350e-04,1.386149936093071479e-04,2.028464243466183254e-04,9.132787917215277808e-05,4.146011766696777040e-04,7.062701290387337716e-05,5.525524778728870857e-04,4.929671130767566967e-04
1.211303160889618495e-04,3.781617336833604983e-05,1.787978631423430500e-05,2.656537465940035043e-05,4.012373716787527513e-04,6.928171247039732533e-05,1.135098538533816899e-04,3.145032175144964258e-04,2.515449034148916989e-05,3.467005048441774463e-05,1.404066679592862817e-04,7.332475435275799468e-06,7.764180715438345152e-04,7.018435019233910694e-05,2.060958670859755276e-04,6.684660436947322600e-05,4.864737161025965077e-04,2.557133506941611120e-05,4.287170687503659639e-05,1.716469695671448217e-05,4.163437406149986855e-05,9.737192563690401251e-05,6.252917414594706311e-05,3.003109103915860192e-03,4.252886348856887245e-05,1.142054062337681877e-03,2.502499783608847205e-05,5.738417179728721920e-04,6.082230858870272747e-04
