1.756780533139057007e-02,7.075631907938560033e-04,-9.159823157636198462e-03,3.923874928396033079e-02,-4.089806454830329646e-02,-7.657306486228288977e-04,9.202683148225100293e-03,9.901005694413171979e-03,-4.979952929997234767e-02,8.783179299353007993e-03,-4.168396069370445267e-01,-2.367665324782769476e-02,1.328939435467167522e-02,1.080721888797939317e-01,-3.399820839074263468e-02,6.668878740602095234e-02,4.084890145772063913e-02,5.006413971685772651e-02,-4.853607258034034477e-02,4.964181844477293798e-02,2.221710175884446942e-02,-5.586912975593315983e-02,-6.695456781600624130e-02,7.801779224594512265e-03,-1.348967751472920397e-02,2.853216626208456615e-03,-2.192326025204500289e-02,-8.825620829676991685e-02,-9.461082392037498123e-02
-2.080186118359833580e-02,-7.053988623425275217e-02,-9.611238737528168125e-03,-4.448952485534617834e-02,-5.134035799736907935e-02,3.651551201264857660e-02,-1.829949229487918064e-02,-4.153214652229217374e-02,1.303070373804329947e-02,2.667787137680462453e-02,-2.943772612888963594e-02,-2.386171328556747212e-02,-5.015813645963509981e-02,7.800419408110768893e-02,-9.769058826522894132e-03,5.282410151694651862e-02,3.813168550174902971e-02,5.033531356596333134e-02,-9.867352452317323594e-03,3.156831650085969304e-02,5.719840779456091678e-02,-7.098159715106551471e-02,-2.297101837165486590e-02,3.719804395147686266e-02,1.737416116145498388e-02,1.346656339453050980e-02,2.506986979975442398e-02,1.015730395913850767e-02,2.260261534468479758e-02
-7.450244646128351134e-02,1.084997726464217993e-02,-1.921305010785211154e-02,-9.256046641396025246e-03,1.072963307122743876e-01,-2.050946557863646443e-03,-6.783955692298646034e-02,-1.042243524374276697e-01,-8.917727891386834430e-03,2.242741451661595629e-03,-1.904899597542678361e-02,-5.110035858338930932e-03,-9.322621034709031862e-02,2.371092201591572940e-02,-4.678500186293712421e-02,1.507441610113046358e-02,8.913346715903418260e-02,-2.870852278757559696e-03,-1.509228161512032353e-02,-1.048333095340627137e-02,-2.331401136767242283e-02,-4.396407981419728911e-02,6.770333306869161238e-02,-1.019918791704656352e-01,-1.708220921400702488e-02,-7.183826846621504947e-02,-2.813532660859529091e-02,-7.641102719080833383e-02,-7.729286992663955691e-02
-6.029552690374512247e-02,3.540556349405293846e-02,-7.296975857054650155e-03,2.494300634285583334e-03,2.232223745730742975e-03,-2.397219241976467768e-02,-4.110006082585495463e-02,4.711584887481153343e-04,-4.203625758003438906e-02,-4.061600758535958977e-02,1.080154149541105862e-01,2.133188887272415360e-02,8.454226092744085918e-05,2.895161244850020382e-02,-2.522509216025550435e-02,-4.640074035892251952e-02,6.984062095127747949e-02,-9.616416005786892693e-03,-8.774534806459610703e-02,-4.541775203099071567e-02,1.745483445059936231e-02,1.391259225875564505e-03,-5.190519926996138046e-03,1.323246306971625347e-02,-8.499303941711935928e-02,-8.458882889519465931e-02,-3.329087212373282173e-02,-7.977383961296539983e-03,-2.313980740508895032e-02
4.939362830975180252e-02,-5.352452303233391252e-03,1.695846901112312011e-02,7.307901842048224877e-03,-3.655724618253312214e-02,8.870908940265905332e-03,-5.909515227344768612e-02,8.688610115623379704e-02,2.767079996445881776e-02,-3.975934824245933030e-01,-3.583778705542708942e-02,2.188608156354801201e-02,-3.011900098158342143e-01,3.073993713633306479e-02,-6.133518311390544903e-02,6.322687129701708153e-02,2.067125651000814926e-02,3.097350179481079269e-01,5.550056951038557368e-02,2.487575382483400988e-01,7.122128358145965454e-02,-1.106368688040623577e-01,3.417936123714285929e-02,6.580087046191698819e-02,1.155481600374745621e-02,-7.222764129814839007e-02,-3.270934966508067671e-02,-1.145090797794247502e-02,-5.236048143784564901e-02
4.755758418685201300e-02,1.033523979573002655e-02,1.248070890120993673e-04,1.065608710454078170e-03,-2.372979937818212384e-02,4.032953136759433350e-03,-5.585333259364565206e-02,7.817619584849216929e-02,1.468869510991663123e-02,-4.297596392962821366e-01,-5.879579526211448776e-03,2.804659591992956016e-02,-2.734068635087991139e-02,3.059820776602106135e-02,-6.172830151631703011e-02,4.514456763579580839e-02,3.295817660710913255e-02,2.777876205151024736e-01,5.211651226248663338e-02,2.531975658914302763e-01,6.093691036148388834e-02,-1.220491505904409552e-01,3.706178373158913048e-02,3.680805915950988855e-02,9.960265720166379053e-03,-8.241409414630307406e-02,-2.915588561439115545e-02,2.976169276226897642e-02,-1.231461358545166487e-02
1.752889631959732575e-01,8.251287356688847829e-01,5.998946722148403715e-02,4.064020264349502143e-02,-4.954180364592124242e-02,5.943987558218749578e-02,1.921325329342249977e-01,-8.270197563863064538e-02,4.793848327654371549e-02,-5.098638639631435793e-02,1.014740267432621273e-01,3.664939372490101568e-03,1.248762973850973401e-01,-1.728327919942050650e-01,4.166402348996637445e-02,-1.380937847461853607e-01,-1.561770650694377094e-01,-3.571594231215674542e-02,-1.783507954957645747e-02,-4.610922826070849023e-01,-4.351114791060400888e-02,6.629515936047937208e-01,-1.526231690861000641e-02,-3.820481077687759575e-02,-6.249367585125284452e-02,6.770666226441693358e-02,6.030986356447432667e-02,1.502812153489748503e+00,3.777389421179341844e-02
-2.009791247017347210e-02,2.641364329509616332e-02,-1.535488516848646477e-02,-1.671835608137601376e-02,5.643387849649273563e-02,-1.153119093705637539e-02,-4.336206932699337296e-02,-3.710045975040719007e-02,9.555831992302135300e-03,8.437643195470165974e-03,-4.696319907382328490e-02,-4.955800257588305509e-03,-6.418472422587216675e-02,2.344268290260058049e-02,-3.057062840427791917e-02,1.739203487772185419e-02,4.361794268451833073e-02,1.231888291293988837e-02,-6.065990509208312072e-03,1.887702500866833555e-02,-9.164896371383304818e-03,-1.331471488910287646e-02,2.623079599206897330e-02,-5.850918037308747849e-02,1.431894697619652372e-02,-2.605180192045333451e-02,-1.524447631029246172e-02,-4.468143315946845884e-02,-4.280257303651598122e-02
-7.601805841994477286e-03,-6.102326439784007753e-03,-3.334440327934477897e-03,3.513654846177032692e-02,-4.374901874959546966e-02,8.612045394699953740e-03,3.149317649906085981e-02,-3.141599613314628920e-04,-4.136523063942279532e-02,1.662842707367262821e-02,-2.419488164902773922e-02,-2.796783148916966513e-02,-1.511199932568608323e-02,3.562921812150738471e-02,-2.690913118830770556e-02,3.811945276763710477e-02,1.429393166846000540e-02,3.919620280523973543e-02,-3.221796656699606881e-02,1.633322621217474929e-02,-8.192314894052645305e-03,-6.156369451552837213e-02,-3.316284074672749133e-02,-1.233645290471145801e-02,1.042965979315726120e-02,1.584046089383884040e-02,-1.064478698330918911e-02,-9.178924728535960142e-02,-8.980332807276952822e-02
-2.078273069794850728e-02,-9.799858160769815696e-03,-9.828446033351147595e-03,4.036524656137389228e-02,-5.547497343240921641e-02,-4.963880971939059125e-03,2.118534089140225625e-03,3.439752456436232647e-02,-6.670149850390795498e-02,1.400368276118232587e-03,-3.768780804983501986e-01,-2.498180132407946952e-02,5.264321257953143846e-03,9.473644496118956149e-02,-2.838160648456570026e-02,8.189819847685740617e-02,4.186414475097564175e-02,4.281923089658549314e-02,-5.271618840526309108e-02,3.840205903525725772e-02,2.085112479483590756e-02,-7.136192331827095892e-02,-5.804800063769886831e-02,8.239961603766870341e-03,-3.605810864476025578e-03,1.390538647776683829e-03,-2.410561265447105916e-02,-6.264726250082602865e-02,-6.949966188853609617e-02
3.179916242299458268e-02,2.631509574083646871e-02,-2.847300313615452536e-02,-2.270424814008001682e-02,8.376015470434743093e-02,-1.680944259160321516e-02,-3.656688888887623529e-02,-7.153006860148559964e-02,-8.746791611667921462e-03,2.481647213559194654e-02,-1.928861598456307197e-02,7.898973842139915200e-03,-8.537162295379775723e-02,-6.644960712852104705e-03,-6.424634188539614377e-02,-3.923896204315684665e-03,9.775515121340631886e-02,2.098341457360251155e-02,-8.120236976149315753e-04,1.523881765079810810e-02,-3.747100992491138316e-02,-2.195977889725613669e-02,7.586783789741317896e-02,-8.036700984848635376e-02,-1.442356979333968281e-02,-4.689132748410813206e-02,-2.370179306132095057e-02,-7.922806608541692330e-02,-8.220458936961293206e-02
1.178627639026711832e-01,-6.867505223055506147e-02,-5.288275295277866661e-02,-8.487675589895189721e-02,7.802580634277492266e-02,-3.420845965710909292e-02,-1.007103314022868810e-02,-1.028716660424481080e-02,3.944531420825046070e-02,6.156578337324729311e-02,-6.635742958573945249e-02,-1.418761581775617245e-02,9.681470379924717040e-02,3.670421351015416139e-02,1.127379145904694874e-01,6.228531590372153592e-02,-7.463300924280795445e-02,1.195764647094470640e-01,6.310393414629494879e-02,1.021148313222225573e-01,4.002791903179583888e-02,1.449995183321015069e-01,9.352448177382588490e-02,2.145046088452537067e-02,1.245182540188427833e-01,1.468740859949503597e-01,-6.782773445617289458e-05,-9.404874783230277036e-02,-7.067852728680856789e-02
4.219226361061180486e-02,-8.227334419447788344e-03,1.434325851221176888e-02,6.661749174411354078e-03,-4.552867233436258543e-02,1.263047450001759942e-02,-3.751192204361865346e-02,1.147338231738920244e-01,2.637270822794139311e-02,-4.011754838085369035e-01,-3.619813845738240055e-02,2.772384987015497071e-02,-2.869427889957026356e-01,2.270974176785143031e-02,-6.598942061428686445e-02,5.802022143176666091e-02,1.494556835939740182e-02,2.935808609453942619e-01,6.908112538962914162e-02,2.611506000566452546e-01,7.801825535605118322e-02,-1.137192810036495444e-01,3.862748753277217562e-02,6.137216888386692881e-02,2.164435037126297492e-02,-7.635346865400922944e-02,-2.624380700446515488e-02,6.526869116762023908e-03,-3.600494974256038955e-02
-2.675428933201312934e-02,-9.414547744516405664e-03,-1.368697205193371638e-02,1.528284796148581155e-02,-3.814605370456832234e-01,-4.005633876803436910e-02,-3.161012988108608673e-02,4.514873401488646992e-02,-6.340516150409096496e-02,-1.035617661332665024e-03,-2.601347465685570626e-01,-2.254234384000917621e-02,2.454550729819205551e-02,5.250207105497763094e-02,-1.595582848235405082e-02,6.677143362645203417e-02,3.363372668045529895e-02,4.523144163530554845e-02,-7.346759069339409143e-02,2.188664198787754755e-01,-3.452579538461900827e-02,-3.960544208626465834e-01,-3.062432032151948813e-02,-1.047224554067338262e-02,1.242072512351936366e-02,1.103512001508728455e-02,-5.764780366138119727e-02,-1.128306619280297213e-01,-1.195429617430849439e-01
-2.241944104341645275e-02,1.737124930786944745e-03,-1.015050757319240632e-02,3.691091318507396662e-02,-4.096616175433653861e-02,-8.787450217185143603e-03,-1.417431127461106369e-03,3.710886107553312135e-02,-5.894362318291903463e-02,5.166373279150830201e-03,-3.199588554208986912e-01,-2.099328935098987783e-02,6.911483347494041737e-03,1.009317419171743418e-01,-2.544478147004211599e-02,7.456368665799255335e-02,4.617444712423110498e-02,3.883104513308044403e-02,-4.252483013185608118e-02,3.341323003283752646e-02,1.661296120495221740e-02,-6.195072697912151066e-02,-5.629511836785331541e-02,3.701291631870379586e-03,3.365923084802040655e-03,3.671121932433744320e-04,-2.630821833598302739e-02,-6.009399471144096644e-02,-6.676091188175888036e-02
-6.178989253388942476e-02,-5.590207333215709701e-02,1.335487551548121630e-03,-7.392523385292304461e-02,-4.400686906644081797e-01,2.711412661352563189e-02,-6.697727016209541195e-02,-1.117673521582190077e-01,-2.173607258229975567e-02,-9.218550388921656000e-03,-6.554276528076442843e-02,-2.998874147847585894e-02,-1.292606594796546216e-01,1.856337536498648411e-01,-7.133596045493882654e-02,2.801502232622881186e-02,1.269619440475365235e-01,3.048776480574715286e-01,-8.166578963822147819e-02,1.606655166592995537e-02,3.324888424381781948e-02,-1.300315124826189050e-01,-8.899941741681426099e-02,3.903384444931223829e-02,-2.275164304391086301e-02,-8.558307727756395145e-02,-1.847181181783585403e-03,8.017791187801935615e-02,9.471973410418069173e-02
5.183698287460030557e-02,1.265901556777287822e-02,-1.341044536624502216e-03,-3.629217889878470771e-02,9.818575190482478621e-02,-4.161245309253422398e-02,-7.050775712284153285e-02,-5.257815971598380628e-02,1.406260821007252609e-02,3.039638073737311458e-02,5.641397516794675188e-02,7.012532490875783737e-03,2.286974979529433211e-02,-8.420072759139779484e-02,3.878640211544608779e-02,4.034954474857330858e-02,-7.351515708427742990e-02,-6.381826816143273962e-02,5.176985055973496591e-02,-2.693715846594421366e-04,-2.633308881821810193e-02,1.285831660901065598e-01,3.976783264078016800e-02,-1.812181405440633011e-02,3.212018665128506603e-03,4.863041892102058089e-02,2.894634674159319177e-03,-7.347602146174735116e-02,-8.114402664538196419e-02
-1.207455915147178649e-01,2.712868297589278790e-02,-2.782414687153993843e-02,-1.840579535868222885e-02,8.549288736268897959e-02,-5.069919338088284266e-02,-3.820862869990841043e-02,-2.940276691537434001e-03,-4.634480747437871861e-02,-4.259692103413325465e-02,-5.216128764929230804e-02,1.454398838878004146e-03,-4.468615772719716078e-02,-6.147118855794971720e-02,-1.984890865233141302e-02,-8.858169301981762278e-02,3.031014196564958685e-02,-8.911974117490254962e-03,-3.885955433756104610e-02,-5.555265024368403332e-02,-2.814157788293391790e-02,-2.452580243233852542e-02,4.774404027271365175e-03,-7.878397988451488199e-02,-4.040347090660342810e-02,-7.655301941400524668e-02,-1.970874307778160833e-02,-6.386127938308981677e-02,-5.525759951147587307e-02
3.446635315027604674e-02,-7.349124860362624134e-02,-4.060440562865371555e-02,9.195153005858889075e-03,-4.266247833378405963e-02,1.864053106190544096e-02,6.591393203710057581e-03,-9.587532227330068657e-02,-3.397970198789932589e-02,2.139628626339759240e-02,-1.099996977502313150e-01,-4.912039841706501708e-02,2.021763123969525303e-02,6.638223463747561226e-02,-2.096328579861354152e-02,2.320540276541345655e-03,-3.571919792534640481e-02,8.035161111067863626e-02,-7.241589598882365586e-02,1.020164199648802561e-01,3.867699280083274072e-02,-1.277303141080715077e-01,-6.403048814395113919e-02,-3.529831834404981161e-02,1.362795740188736671e-02,3.007499769897852351e-02,-1.659101807934240322e-02,-1.004633081706920450e-01,-8.969909881971251109e-02
-4.914986344911748128e-02,-4.230836795160602959e-02,-1.380625219486256508e-02,3.283206939448690687e-02,-3.924980837452259341e-01,-2.318565169209887977e-02,-1.803723458271158653e-02,3.890785658005962294e-02,-6.665157887793309033e-02,-2.385186166803116362e-02,-3.127386619425950309e-01,-2.865240739021233593e-02,1.331432137301354068e-02,5.960349222110846584e-02,-1.970723486522112447e-02,6.972396295914222442e-02,3.561765865105388090e-02,5.968450259031903016e-02,-7.062413063979930405e-02,2.277644950846920424e-01,-1.315806072969598166e-02,-4.749079275011492407e-01,-3.901531678589669622e-02,-1.914479748943595516e-02,2.763498707324268250e-02,1.184832006444994264e-02,-4.923155025852865574e-02,-8.527146656413218118e-01,-1.987939649117126742e-02
3.016642886799927314e-01,-4.170942870065206393e-02,-3.011780326516571085e-02,-1.231875791806488069e-02,1.983907104369183466e-03,7.366790999485733904e-02,2.693922619821735934e-02,-9.254912918111520004e-02,1.784075727027382638e-02,3.438925619713830706e-01,-1.281887450966333608e-01,-2.489517569126380864e-02,-4.778710820687805116e-02,5.807564478895148666e-03,-1.627489442697696576e-02,-1.646509303945694891e-01,-4.017820398397594639e-01,9.494117051160184950e-02,6.015269381701005696e-02,7.768298272921356218e-02,7.703162031439562962e-02,-9.552234666124664875e-02,9.779952889659687676e-03,-4.498292273309303230e-02,2.243998747553176479e-02,-1.142351947271188876e-02,5.370076666401547155e-02,6.116849913479267542e-01,4.458512765123682359e-02
1.901564731823490598e-03,5.017164219701702316e-02,3.320797404554184235e-02,2.627613310617026021e-02,-3.615047397107862964e-02,4.224816980688014117e-02,2.755651084936307921e-02,2.736316158949109525e-02,3.476275816833959004e-02,4.092135450342657826e-02,1.756244708352097117e-01,5.746760113302936540e-03,-3.180493448164396081e-02,1.237916673181110316e-01,5.014304781224112988e-03,-1.275484695208905020e-02,6.394010347700465613e-02,-9.133235343311795623e-03,-3.911167678036998885e-02,-2.675954896166144598e-02,7.950308370946042313e-02,7.464982267347054778e-02,4.488445542194973575e-02,5.218588971486270989e-02,-3.483218194615955721e-02,-1.201191104457581364e-03,2.680524185362920947e-02,-2.807031201068738852e-02,-1.710018951787973390e-02
8.184793715268981473e-02,1.305554617894307545e-01,-5.856606399046175582e-02,-2.490090743624496367e-02,3.154466104742984986e-03,-5.036890998596215731e-03,7.845154306822099688e-02,3.782062983282660773e-02,8.609111816878717294e-02,-8.030125419490292266e-03,5.272983060288912727e-01,4.669653505004149607e-02,1.223721754271631518e-01,-2.818237706048562843e-02,8.253383145077379524e-02,-7.503608360590102722e-02,-6.762568702996411829e-02,-1.087845949707401949e-01,4.506919858011151220e-02,-1.867659143344224670e-01,2.284697511151911192e-03,5.199336589997544805e-02,2.545224017277146131e-02,-1.050106751943151451e-02,1.883957745177441967e-02,7.802888072788355389e-02,4.115620658146835163e-03,8.474440538833545589e-02,9.485914522616867295e-02
1.836458343476217100e-02,-5.111144853637648308e-05,2.613566368813484420e-02,4.192104281758642081e-02,-6.175723592769512965e-02,3.678217499562323745e-02,7.054069572972571783e-03,1.076007831764017320e-01,1.270930013671140932e-02,-3.853983536007818400e-01,-2.942545267464664101e-03,1.613383743684263655e-02,-4.432232864551383794e-02,1.571390814879724748e-02,-7.314823250135620014e-02,7.286537802320046386e-02,4.251789140580813225e-02,2.502504917066432077e-01,3.517361078639458238e-02,2.075933062818192953e-01,7.495615675527343702e-02,-1.045616077007840428e-01,2.957404210567684058e-02,5.621708191424328038e-02,1.350875693674994521e-02,-6.113405535516400896e-02,-5.419790204211303968e-03,2.214649022173029863e-03,-3.171221202540783213e-02
1.898752935925864527e-01,1.390931554280183391e-01,-6.392197621234453619e-02,-1.550882508213472996e-02,5.411661809886971625e-02,9.862838692984819342e-03,3.673097451578571926e-01,1.162213982466756175e-02,5.941126104339365666e-02,7.913616582956656265e-02,5.231175238393747096e-01,6.324681998945134997e-02,1.814389303250306951e-01,-7.497166028596038978e-02,1.771180457641043093e-01,-1.176575393407124637e-01,-1.725394978513444533e-01,-9.430525221724292417e-02,1.568081528492431403e-02,-2.674927091135424484e-01,5.023770754873257971e-03,2.356600862571112953e-01,1.605866607477837368e-02,2.983938031677544050e-03,1.016239529071366055e-01,1.406585854294779003e-01,3.089774914416978588e-02,1.068041503529390396e-01,1.103295897612704829e-01
-5.721263343038376914e-02,1.323637430373377118e-02,-2.667338642855110464e-02,-8.757102793680167710e-03,-2.810351048917907393e-02,-1.592355309468209204e-02,-1.141586181583508115e-02,-1.481654765055890818e-02,-3.127092834952566180e-02,-1.894854336598546588e-02,9.791488982491991511e-02,2.368190570529743466e-02,2.147902623363615385e-02,-1.309893532081283889e-02,-2.818672968300081540e-03,-1.105002281689618088e-01,2.068734333512232265e-02,-1.345023950404444085e-02,-9.468071142297553033e-02,-5.457007764125468979e-02,2.359651821367225039e-02,-4.025930707791757976e-03,3.639706994977257026e-02,1.410472808660508809e-02,-3.463530570846713036e-02,-5.384854995417760748e-02,-2.936641980154181333e-02,2.346687286687486763e-03,7.298621891027742836e-03
-1.429027421025735531e-02,-9.046658299582495052e-03,-1.592207153870240505e-02,3.616858115257456929e-02,-4.089588422941969337e-01,-3.684583128432280391e-02,-6.715022602735890023e-02,2.467901882694945384e-02,-8.452411681379168318e-02,-1.328199467241044512e-02,-2.904284163532006025e-01,-4.048697756676186005e-02,2.326891983937707381e-02,1.202366261554188714e-01,-1.907236532447897578e-02,8.915969928747909112e-02,6.439408065529200753e-02,6.482299297934128457e-02,-9.293539470438758054e-02,2.491113416867605512e-01,-3.228104453640485288e-02,-3.993754260432448300e-01,-5.263402472857921233e-02,-1.952366663457597573e-01,1.825218517016645101e-02,1.234143775415707384e-02,-7.181626387846604120e-02,-1.731065329689422394e-01,-1.775249114584943610e-01
8.800485574673450051e-02,5.980465048740928047e-02,-5.676569742172842686e-02,-2.114281928251776285e-02,1.946105933878864054e-03,5.161676355054389820e-02,9.007149947594704845e-03,7.414046767739124189e-02,1.924560994472018088e-02,1.066506286108114682e-01,1.512634260189003599e-01,3.552356417189200810e-02,-3.724227722962557968e-02,8.871246049824967062e-02,4.165963479713177819e-02,-1.114625473036546244e-01,1.017761346376415965e-01,-5.740945716732559490e-02,-6.749906372217340245e-02,-5.765189824948510622e-02,3.852504765912310308e-02,2.766234258604607574e-02,5.205860567340732381e-02,2.792614397035895688e-02,7.937828706391071576e-02,-2.267491706154857109e-02,-2.157280432946655224e-03,1.010653431458922447e-01,9.891760914341685140e-02
-4.084418795159491800e-02,3.298984363760121274e-02,4.598104843831767041e-02,1.381316323433347780e-02,-2.239473120470924714e-02,-1.586237888874395333e-02,4.469312589170901240e-02,7.285820589557873150e-02,4.206513524200917314e-03,-2.122460482923032785e-02,3.753456073490798583e-03,-1.402635510192685661e-02,-5.703219059708814626e-02,-6.015342738056961812e-03,-8.713100793468933625e-02,5.666626549432823151e-02,9.149562331292521167e-02,6.232516098164123108e-02,1.420828579486638861e-03,2.842180884632222390e-02,1.982657867566391119e-02,8.819088771232823365e-03,5.470403566098957365e-02,-7.256059327571302148e-03,-9.206039027259197566e-03,-5.609511780945684173e-02,1.441802833886758617e-02,-5.833350668188624216e-02,-5.776127722891431782e-02
-4.845299938694527797e-02,4.331934590769286747e-02,9.642240401042896647e-03,4.227964433040875408e-02,-2.683228093529605243e-02,-1.480395827209684233e-02,1.525256305257530372e-02,1.254883305251983661e-01,-5.081235468255818760e-02,-3.873666777186906413e-02,1.027813905470481709e-01,1.581997280557937563e-02,-2.225404779219068013e-02,4.776044825022460194e-02,-6.573142452632431409e-02,-7.772651478841169359e-02,1.222348017779869983e-01,-1.587027059912902299e-02,-4.491321737040169376e-02,-2.465383752781528937e-02,2.717087498486223454e-02,-6.330462961922959930e-02,-7.821331382138587210e-03,4.212339016859151242e-02,-9.526490649932879695e-02,-9.250777961180142728e-02,2.445968247691190662e-03,1.277535743023620607e-01,1.213122730450118536e-01
2.305051794263410919e-02,9.947985260222916293e-02,1.516602695423703226e-02,4.921198972893962333e-03,-1.721003570618043904e-02,-1.325981521329696981e-02,-1.234589136823843400e-02,2.098369181173014367e-02,2.805827732953554421e-02,9.087099866682444085e-03,1.562459372685326697e-01,4.809854293186887654e-03,4.437680404144659502e-02,6.495356008949958182e-02,3.922658127717690985e-02,3.061483806110476893e-02,6.320989987994692083e-02,-6.521944707478213865e-02,-1.500539522685085704e-02,-2.177439258052249194e-01,8.029849345691633666e-03,7.186892449194323684e-02,-2.067047195334768134e-02,4.996096243439265838e-02,-7.247233120954073293e-02,2.745655065153496371e-03,2.647227806883686169e-02,-1.031422758187460070e-01,-9.462000422981858838e-02
9.929072152868136103e-02,2.599144291759296690e-02,-6.424910610412962186e-03,-2.652663372783715598e-02,8.174243014599888446e-02,-2.779823700703269729e-02,-2.593837935468376599e-02,-9.144389234549625545e-03,2.740961618705983240e-03,3.199786950038006200e-02,1.878618204135733619e-02,6.967496039746448426e-03,5.080934254303900999e-02,-1.015356594924819861e-01,5.720696291345529066e-02,3.641528252968154883e-02,-7.213960296902477420e-02,2.038976759557901454e-03,4.420205059252187846e-02,1.065086094782047299e-02,-3.942790949925022159e-02,1.049428877932186144e-01,4.837474555030963491e-02,-1.748651753849736826e-02,2.670886944066997240e-02,4.491812631540890305e-02,2.717272381448268548e-03,-9.763426860453511269e-02,-9.946251539111847229e-02
5.543005712208889935e-02,-1.036763150899429027e-03,-9.042428541237601536e-03,-3.167788990575029495e-02,7.868107294143804331e-02,-4.099377192307469137e-02,-4.476009302571171133e-02,-4.983623216091132707e-02,6.328080865148355549e-04,1.754709086451425315e-02,-1.614558225526007904e-03,9.469821642496649428e-03,4.049439444245971076e-02,-6.547137706680013214e-02,2.694307881794299336e-02,-2.157662285821634190e-02,-6.110498394133470623e-02,-1.235674436437861172e-02,2.615077455293293718e-02,-1.174544444798186760e-02,-3.849705024405779968e-02,7.785054689879752909e-02,1.003636021049651716e-02,-1.630867787599552324e-02,1.820571880904746928e-03,2.798894081530918163e-02,-1.318106965585057362e-02,-6.461916707199820420e-02,-6.933864491823832354e-02
-1.096536713403083348e-02,-2.244213747240867817e-03,1.527043556278371954e-02,-3.079452747331859908e-03,2.709214291167295896e-02,-1.783732633515891335e-03,-6.568151573688131226e-04,3.644559395090287215e-03,6.518692466492908080e-03,-9.394168360278487215e-03,-1.252431762642428580e-02,-5.817205044181540143e-03,-1.809702830911535248e-02,-1.589838838309266507e-04,-2.179746723293406532e-02,4.716815788969092732e-02,1.267371630344618638e-02,1.907419476048139925e-02,8.998700715413105594e-03,2.163166407133464142e-02,6.132595759764311594e-03,1.363830459742731635e-02,1.458502939180089143e-02,-2.073485080954704310e-02,1.000958150841180574e-02,-1.963527966553141671e-02,6.784870035647602195e-04,3.848870767280555393e-03,1.883459845652605104e-03
5.640189311007795525e-02,9.880119092194854377e-05,3.562804599793846505e-02,-1.742869587690157318e-01,8.955140108723201597e-02,-2.123568402467256380e-02,-2.857406990682140324e-02,-3.014708408443519949e-02,2.085805839850220222e-02,4.121482030063918639e-02,7.013880840672875872e-02,5.329422611319201315e-03,1.446498495537891157e-02,-6.295724977312681936e-02,3.589977352874942212e-02,1.075567080676768095e-01,-6.695080715513919423e-02,-1.269140006273766601e-02,4.457866960088752162e-02,1.217643766833561084e-02,-7.136406403774487456e-03,1.415476850301704281e-01,5.522388977453620423e-02,-9.110626101100260249e-03,2.574009920940260529e-02,8.148113223514261150e-02,1.503839730182557344e-02,-2.382786285746643987e-02,-3.629922879364817778e-02
-7.142939442073502863e-03,1.363915337618861259e-02,-1.229053027761775954e-02,2.126278549317187766e-02,-3.258676126403612511e-02,-1.710989250312111923e-02,6.614523802663484046e-03,5.107647140449611545e-02,-3.953207622731926690e-02,2.446075982925748071e-02,-4.745382493216492303e-01,-1.952645553614884219e-02,2.657800245995719114e-03,4.837151849584857971e-02,-1.846229532122279152e-02,6.398642511482313666e-02,3.008277869789593995e-02,5.081214416785245075e-02,-6.895243965675143527e-02,2.425245339457355806e-02,2.778751571235298784e-02,-7.902683067160301555e-02,-5.869946077341278712e-02,-1.103268199210665455e-02,7.335468047847685386e-03,5.426566067524415601e-03,-2.202435564226844569e-02,-9.369848794527088631e-02,-9.386533543564185011e-02
-3.005334923143740747e-02,1.170836738903608190e-02,1.199591540951905301e-03,4.126843276524215683e-03,5.582579485905783678e-02,-4.114904766414509418e-02,-3.485396801054069238e-01,-2.026060059310943323e-02,-1.558674507579704480e-02,-1.630128803974794510e-02,-2.719579244190190384e-02,5.892258946276933591e-03,-4.999521527097657708e-02,5.074635184099636660e-03,-4.844462670138443422e-02,-5.728253013258117685e-03,8.437501967887769960e-02,1.698138386567570740e-02,-3.040298421009969814e-03,-1.171756141502282647e-02,5.286686077300268259e-03,-3.405308622156918985e-02,2.675929422966550134e-02,-4.328545990473379318e-02,-2.555468833786261190e-02,-7.166292546663893814e-02,-1.278109424225841104e-02,-3.612464348969512268e-02,-5.273855353457561346e-02
-9.165032178275565877e-02,-1.462883915206801382e-02,4.382341056769393367e-02,9.718412259635881428e-03,3.635502400016218591e-03,-1.429339525417210347e-03,2.727485963695579912e-03,4.088404145788285260e-02,3.181954845999156954e-05,-4.386424592739375516e-02,-4.650890858664239597e-02,-7.374385690183939308e-03,-4.629461105806861182e-02,2.230161824781884058e-02,-4.051726061149668601e-02,9.902859896670894446e-02,3.182364055151000459e-02,2.728330512624087961e-02,1.211245900191301392e-02,4.731094278554594246e-02,3.332312648061663135e-02,2.880090419504501963e-03,2.084263389808205594e-02,-8.514941326576541247e-04,1.208496021082147709e-02,-5.125347499705017185e-02,1.625379588702281428e-02,6.461998842079799688e-02,6.027620286174090181e-02
1.095045407684219763e-01,1.541153808526817513e-02,-1.832683895586113137e-02,-5.921642053182985671e-02,7.702283316280435221e-02,-6.045611507496782139e-02,-1.132195685580184991e-01,-4.583833116102736804e-02,-2.599268953498501747e-02,-1.957723806512758416e-02,-4.800223991555690323e-02,3.799041549898034276e-02,3.000802115033864709e-02,7.775785893460999965e-02,-2.660669821169938179e-02,-9.857432060522562656e-02,2.113179908795338388e-02,5.687171306695526160e-03,-5.886127221515063263e-02,-3.624935027125747444e-02,-4.469893530670132620e-02,-5.984612819773729719e-02,-4.470232803385860987e-02,-1.197004179890678085e-03,-5.421537673797049289e-02,-6.042352720477131567e-02,-6.162727438754707354e-02,-1.406490332354742578e-01,-1.472026828565788925e-01
1.299572523138356472e-01,7.527610135508404354e-02,-2.827654505651427952e-02,-6.614737981006943435e-02,1.006744872641175403e-01,-4.803767335243398079e-02,-5.689561605959036344e-02,-8.259809931912921732e-02,4.026686557869051802e-02,-4.593131171684049913e-02,1.668891319311120031e-02,4.724141344320378216e-02,7.422749285271831865e-02,-9.843430371500282161e-04,9.266793465870558008e-03,-9.001095813163509374e-02,-1.551286550276107694e-03,-4.750882985273957582e-02,4.959557338533574292e-03,-6.244338715424179592e-02,-1.141135987704368776e-01,4.197059379796191231e-02,-4.421212337107470469e-02,-3.575752706792483665e-02,-8.275525994069507507e-02,7.763011173855299298e-03,-3.756106625060838533e-02,-7.631004950666149360e-04,-6.516938587733880558e-03
5.755013128874334610e-02,1.487832909816291620e-02,-3.190380802047033948e-02,-4.690886197592342849e-02,9.438929488474945284e-02,-2.592325514738072836e-02,-8.959474181534655968e-02,-1.414802274905452850e-01,2.589493818294964431e-02,6.448282375187833204e-02,4.369521086222512112e-03,-1.262807591324510009e-02,-9.955385377452400687e-04,-3.774053548324591417e-02,-1.495869257771591709e-04,-7.289334819085056816e-02,-3.043750956089852702e-02,-2.551164297665785979e-02,-3.903941241160937409e-02,-3.083843001170057108e-02,-2.416481868264427554e-02,-3.794173174806451942e-02,-5.441463250439506488e-02,-7.703369583031927093e-02,-3.796784785814814878e-02,-8.586301809550098141e-02,-4.022782381963405790e-02,-1.454354936634212614e-01,-1.416131290910299101e-01
-1.960346917260305522e-02,-1.382292731729531030e-02,-6.725328630461270898e-03,2.028553898969594552e-02,-5.307240066633576309e-02,-1.188196699142728997e-02,-1.534430553868375291e-02,-1.464101567650592274e-02,-3.083589680819273995e-02,-1.892149338554464238e-02,8.275980811228204892e-03,4.096083874228076578e-03,-7.500483204232877635e-03,3.904680083916295397e-02,-3.715933431447719648e-02,-5.343138872660317673e-02,3.636941591506714228e-02,-1.603530451302770388e-02,-1.857069808655525955e-02,-3.402707851192317973e-02,6.112635437664613695e-03,-2.956358083633993036e-02,-5.901524216948326323e-02,3.794600193011049560e-02,-5.942631380704475191e-02,-4.320616414077077527e-02,-1.280605255099090227e-02,5.362699985263531116e-02,3.550214403727334350e-02
1.627410298273760172e-02,-1.787268686206342980e-02,-2.867950769290900440e-02,8.895225340052371338e-03,-4.203885878080029087e-02,-2.095023548209939274e-02,-3.454258511793516923e-02,-5.513300183785418973e-02,-3.547537320983849829e-02,-1.447563931387622384e-02,-2.285326395158373408e-02,1.277425245600500268e-02,-1.913041475350669074e-03,4.635770313456982067e-02,-5.663758335553280981e-02,-9.120208690537763563e-02,3.241257407570504595e-02,-2.656180250482760921e-02,-1.992524273455365327e-02,-4.986846109143189959e-02,-9.796121889534568916e-03,-6.331874778651602753e-02,-8.182870605416577015e-02,2.334329044964825531e-02,-7.209497858617511246e-02,-4.214125034315056861e-02,-2.889175535493088837e-02,3.755740428341741016e-02,1.898087188218163315e-02
7.924169246078348328e-02,-6.042515469645862169e-03,4.381200558121217670e-03,1.114601508761195285e-02,2.852476553409727823e-03,-1.493769799896478741e-02,4.762206042381362386e-02,2.098498111914216466e-02,1.145556078713795382e-02,4.783556519174073096e-03,3.256691869327020452e-03,4.712105977460887690e-03,4.306055257452365975e-02,-3.711602336144090991e-02,1.706123675726844632e-02,-1.598596908404729608e-02,-3.855688544265133827e-02,-2.602442981913295067e-02,4.795107228858526416e-02,-9.023782571269459846e-03,-2.672674953264694711e-04,6.697968749620608619e-02,-2.203644317109222650e-02,3.431809509858575746e-02,-1.155645165925751026e-02,4.063309581859787106e-02,1.073888008345979909e-02,7.765485723973153398e-02,6.737463951476174717e-02
3.772283169434797329e-02,-2.944683610349698930e-02,2.409358965402644878e-03,1.038197591309885683e-02,-5.623340945938202877e-03,1.144875041203553649e-02,-9.322324518132597262e-04,2.350103128278657749e-02,-3.105710058823249464e-02,4.527960721583187552e-04,-7.876658607185265532e-03,4.680535642257118573e-03,-2.927030445754477336e-02,-8.933264733268041560e-03,-1.761113726039751845e-02,1.483010038485117754e-02,3.397288932591916583e-02,-5.990912187069648114e-03,-8.054756576300756837e-03,-1.841647501265762654e-02,6.016615926295524990e-03,3.704726207028189930e-03,-2.951522076826360724e-02,1.765336955270116470e-02,-2.970469880592086290e-02,-6.210388707463368983e-03,-4.049938297941779210e-03,4.544940969673674780e-02,2.827488724892899055e-02
7.996460381788729477e-02,4.590966462263826320e-02,-3.292078002987165047e-02,-5.415767757321225673e-02,1.018193131932105672e-01,-2.026676456237377216e-02,-8.660618359346163031e-02,-1.280399768336005495e-01,4.512317169050664850e-02,6.360987405429983921e-02,-2.507306810487758015e-03,-1.853163000491681728e-02,-1.946121603017993487e-02,-3.623827000313589036e-02,-1.024690124509893170e-02,-5.756694455230838836e-02,-4.165291837935481550e-02,-1.221468437265354860e-02,-2.938817320255955948e-02,-2.238279904548789306e-02,-2.734808947794290651e-02,-1.392475162870595966e-02,-1.874816507996231521e-02,-8.426269012140129300e-02,-1.614656987120543369e-02,-4.806657566475226739e-02,-4.150682139193447029e-02,-1.725847506404212250e-01,-1.645814870906009419e-01
-1.362498162789777256e-01,6.838415381669170345e-02,-4.464714845434906813e-03,3.323152583855996239e-02,-6.372046195357333742e-02,-5.928379103605927597e-02,1.039229016196321215e-01,-2.361438145019079948e-01,2.826090744275217351e-02,-6.435672220363121421e-02,6.358851532251709182e-01,3.268307066813368883e-02,9.058037921177683471e-02,-2.064344463728321477e-01,6.169167262018122877e-02,-9.898183873944807476e-02,-1.519817009591437618e-01,-5.266187025082515877e-02,-7.708437465199484244e-03,-8.895420300365632083e-02,-9.986091381882633566e-02,9.684367695787524100e-02,-1.198618659387209462e-01,-1.072149253680604458e-01,-1.033252303051954840e-01,5.863343350104283785e-02,1.076344729552968643e-02,6.291384476376474799e-01,4.670460170408299860e-02
5.271985418469873341e-01,5.821228162630485981e-02,1.926948893862200432e-02,-1.676369585791966446e-02,7.339682625238021230e-02,2.465999316040673461e-02,6.617789988355252673e-01,-2.409515049093371997e-01,4.939853314155713548e-02,-8.567659205996058791e-02,3.534895995681147651e-01,3.850281261759727625e-02,7.997545775721938421e-02,-4.176869149121424651e-02,4.000225123624142065e-01,-1.726681106957137224e-01,-1.369326120651925272e-01,-3.817376940671370900e-01,-1.013894551149034234e-01,-4.013036678521085809e-01,-7.966496940752093581e-02,6.725646687895302407e-03,-8.425597812298381284e-02,-1.445492228295624376e-02,-6.921655029479364951e-02,-7.130698977621084331e-03,-3.672617057699122112e-02,2.404058284247667099e-01,2.776178468695278401e-01
-8.274481156389205949e-02,5.548025513312246915e-01,5.708240261143907035e-02,3.168498105516382585e-02,-1.162825434161482152e-01,1.144243577910633719e-01,1.074712881872553066e-01,1.747659795986714623e-03,1.973176482153822867e-02,-2.461139637194963495e-02,6.686201887275548816e-02,-2.159846532564072691e-02,3.716575778157262810e-01,-3.301536790289228904e-03,-3.874968676329153261e-02,-7.758782000926894851e-02,-1.957384055860819302e-02,-1.015650609921495001e-01,2.881011498580521996e-02,-5.178504483105947909e-01,-9.801464471686945068e-02,7.803219678727775221e-01,-1.482926993396899151e-02,1.387973617643158998e-02,-9.589622250009549598e-02,2.471949476552158173e-02,6.359545731075844088e-02,1.242880977408885146e+00,4.702370501890975468e-02
1.090118538117679503e-01,2.850854383748411755e-02,-1.113703272328115702e-02,-2.862688948901758249e-02,9.249931654382076429e-02,-2.635399505118539085e-02,-2.836686636960166971e-02,7.063473782377554903e-03,2.051760366507350206e-02,3.888876729730318671e-02,1.426441347195032266e-02,1.323161437415866677e-02,5.221997785720959573e-02,-1.102179729999707147e-01,6.379000569752106553e-02,3.561430285162216214e-02,-8.212467663119156491e-02,-5.494050470765911819e-03,4.993263591767355819e-02,4.955890419837240615e-03,-3.465752272152023555e-02,1.154833592496274652e-01,5.580721446984270723e-02,-2.775776145224377947e-02,3.662787450363969022e-02,6.771576267289147744e-02,4.066688788153579454e-03,-8.196290699177614936e-02,-8.634764989300321159e-02
3.970081485953166033e-03,-4.387197409054089878e-03,-2.546528685448134696e-02,8.884438904080764823e-03,-3.388440563309083609e-02,-2.215276552260527984e-02,-3.442261335365642827e-02,-5.533055319978619213e-02,-2.534216800398768343e-02,-2.315246553201524057e-03,-1.524151548228236223e-02,1.157645895658397650e-02,-2.271017886158190838e-03,3.237162068577281032e-02,-4.190382410083242498e-02,-8.319655346414131514e-02,3.559302679832412192e-02,-1.706996492304965751e-02,-1.568560842585773815e-02,-4.402709406354692739e-02,-7.287258934257008144e-03,-5.954125716731813178e-02,-6.298717829641735377e-02,8.060473643737423033e-03,-6.170544018529861008e-02,-5.261873546305906313e-02,-2.846545297906052582e-02,2.388740589000053205e-02,7.156729589494574377e-03
-3.236632467188920587e-02,5.938132399188823102e-02,4.705618834445583765e-03,2.132747312936826914e-02,-5.723976314078076805e-02,-5.299078782168913440e-03,-3.487817483492710452e-02,-6.128757107644074512e-03,-9.932175770444882923e-03,-4.293238041422115306e-03,9.391458410259115319e-02,8.106811184963086739e-03,-2.535320326333720745e-02,-3.489331569573874553e-02,-2.950128245694726842e-02,-4.462660397753775293e-02,5.041733112338381284e-02,-8.144275008994458775e-02,-8.678306463553170022e-03,-9.343961574311214491e-02,-2.354447807434017700e-02,-6.796019245340735593e-02,1.048737487716553665e-03,-5.297157333169449228e-02,-7.041415082900981393e-02,-4.806434518766904834e-02,-4.892269873264626714e-03,-1.412494003805915832e-01,-1.426585583827769954e-01
1.168866465554523754e-01,-2.394384017354207056e-02,-1.327041957500878569e-02,-1.683915287073686415e-02,4.612880524465300114e-02,-1.479639642528942679e-02,-3.319621529713199792e-01,-2.904417734635741932e-02,-6.294891770577636797e-03,2.975716076706203320e-02,3.555249067158172682e-02,4.962711602685273074e-03,4.595870218345066149e-02,-7.102167399210516929e-02,2.559318314866943986e-02,1.532742380045573616e-02,-2.978855970523695482e-02,2.746330496706289245e-02,1.085942208138593497e-02,-3.005245696250990594e-03,-8.360687473359143225e-04,8.054733158484121691e-02,1.515192856776512685e-02,-5.420624178604692422e-03,-3.970733463446845732e-03,4.545389093150205284e-02,-9.128382319674529025e-03,-1.759992609381365661e-02,-2.868131195698952335e-02
1.301200899152220314e-01,5.992335143823281952e-03,-1.379370805040990022e-02,-3.267190932798399311e-02,8.463913736436068369e-02,-5.215203814303367991e-02,-7.362407401486719370e-03,-4.611311733899689513e-02,-7.256763022179433045e-03,2.207613954843080928e-02,3.428367465579870016e-02,9.509527446406127599e-04,5.990055627307785263e-02,-6.050576983834592137e-02,5.200158939712202881e-03,-3.589289488792509614e-02,-4.531446088969086350e-02,4.680151138460281884e-03,1.608325965042377292e-02,-3.798924553521577496e-03,-3.133161333219676437e-02,6.087875901122756506e-02,6.071815036069449015e-03,-5.864066905237491981e-03,-1.794931102567467324e-02,2.552124281974312361e-02,-2.958194834803455978e-02,-7.549318759689883918e-02,-7.851163731906109222e-02
9.840576357575267497e-02,-1.033327083356849058e-02,-2.057147177185726997e-02,-2.699619856422245945e-02,7.164841557691351004e-02,-3.860790564856622642e-02,-4.638729982844070482e-02,-4.792325516956864179e-02,-1.297198247997514986e-02,3.478321006072223470e-02,3.342192458408622946e-02,4.963881759086233823e-03,4.966503494585319117e-02,-5.471749953244718634e-02,2.403141053337376834e-02,5.588084508614006053e-03,-1.561242388385891341e-02,1.786870513184694170e-02,1.259684386297807608e-02,-1.894799903752558343e-02,-1.670477199281259276e-02,6.682550187258025354e-02,1.522292571912823092e-02,-1.853115867605427056e-02,-9.619502776059567564e-03,2.254209686063044990e-02,-1.985673694002055081e-02,-6.544838872709622668e-02,-7.317773844769222269e-02
-1.144315717188040260e-01,-5.755842807037885901e-03,-2.797625070519398462e-04,1.898395613696455056e-02,2.139117524641818112e-03,-1.957885753739827678e-02,-3.272684410602420824e-02,7.762768801860238377e-02,-2.182810399249921277e-02,-6.244690707311052746e-02,-2.272230946810285812e-02,1.789440371974598820e-02,-3.765749426259011601e-02,2.777249589812489164e-02,-4.357675841699451547e-02,-9.067384539271694521e-03,4.973621983309374495e-02,-2.903737316197288823e-03,-3.773580421199946439e-02,1.046953429326621943e-02,6.069260557972633308e-02,-7.386993846855348378e-02,1.900170229157388231e-03,4.951914107460194357e-03,-2.499779787009302409e-02,-7.469738872456405110e-02,-1.304797758896300910e-02,1.224009863226658973e-01,9.756967718443758375e-02
-4.765859815687624977e-03,-5.558925454997485499e-02,3.862759996087122838e-02,4.588645316684981934e-02,-6.451963890512109334e-02,1.110883222175654966e-01,8.113104523150105329e-02,-2.800407194880338846e-02,4.000796687746792368e-02,3.600284547636466437e-01,-3.172827667170279725e-02,-3.251969691456427919e-02,-6.801695235629520719e-02,-1.128959239945780471e-02,2.872111177536659787e-02,-3.495128742478135209e-01,-3.062872249724125084e-01,1.207006879609726913e-01,1.056451469497310669e-01,2.018424745311508950e-01,7.990194937385119989e-02,-3.081843274032784047e-02,4.816472829208956474e-02,-1.485736993690854732e-03,7.412589409224061565e-02,5.291624691343969206e-02,7.087249831911400511e-02,5.517030947973234900e-01,4.083768707524900593e-02
-9.615106788180964592e-02,5.087187579425301448e-02,1.012454490051468980e-02,4.971061879832482100e-02,-2.800101588475833320e-02,3.693609873450237613e-02,-9.681747793005126071e-03,8.438017608327502694e-02,-4.747282968462325503e-02,-2.835204564916752462e-02,9.649118410912008170e-02,1.817068506288725335e-02,-5.461535098208918776e-02,8.949419031628262633e-02,-3.930859898426730670e-02,-4.060765243514945222e-02,1.069649348344748341e-01,-1.463106029796018906e-02,-6.542180612421685804e-02,-3.613190589177142642e-02,4.882551249268138327e-02,-2.824735046185894438e-02,-1.011777277256267066e-02,2.099149619096875655e-02,-3.728790805341604397e-02,-7.442140386359615001e-02,-3.457823732568901434e-03,1.125477653588586036e-01,9.481587234905694550e-02
-1.663788444119990995e-01,5.741415370602532403e-02,2.976910543562593520e-02,4.073449239018712281e-02,-1.026402456310384487e-01,-1.401492811750243471e-03,7.902006533889437134e-02,3.515554910519676224e-02,2.238140847553398913e-02,-7.823731087618311653e-02,7.223179415102848333e-02,-2.627083550969445090e-03,7.890734292901865898e-02,-7.947389272516046377e-02,1.770135942231958540e-02,-2.231244324031511975e-02,-4.499251169903156766e-02,-9.495309721207138842e-02,4.718723297889153290e-02,-4.808883932142122425e-02,-6.539547638285812814e-02,9.107821404408471266e-02,-7.334218929820372768e-02,4.702827397005593900e-03,-8.487243936952833245e-02,5.805374288557791501e-02,7.479869951686696217e-02,1.053311262736833648e-01,1.257576890334051734e-01
6.324450950485689671e-02,5.031427240204658369e-02,-3.690914088182606356e-02,-4.904350757703671015e-02,8.890117092431790158e-02,-2.237615326917945235e-02,-8.706291083631333139e-02,-1.011303500862040239e-01,3.238366492969942806e-02,6.302893324332953240e-02,7.502002615024267428e-03,-6.824347237946133855e-03,-1.726098998999987810e-02,-3.006711450766394803e-02,-2.442738310199297005e-02,-7.611787023345245595e-02,-3.064159923768267763e-02,-1.294674332033146288e-02,-2.821742509200922747e-02,-1.722963708844913247e-02,-1.794267566361773536e-02,-2.877996700946846426e-02,-1.897420224759321580e-02,-8.832380826934095597e-02,-2.588043645431237910e-02,-5.795748568529734968e-02,-3.900913382195313195e-02,-1.529143461978379470e-01,-1.484325209146688807e-01
-2.797214972236275465e-02,3.741460380775239302e-03,3.136596559744832952e-02,9.595066867801135824e-03,-9.324693741559055699e-03,-2.594374730408596438e-03,-2.392024459791640759e-02,6.455206606326716057e-02,-7.149420852147252365e-04,-3.499322837025949789e-02,3.827838530252993497e-03,1.213644248067724356e-02,-5.168594267818921000e-03,8.934230445564211864e-02,-1.091645691980219421e-02,2.679005943328617578e-02,5.105419928929536694e-02,1.859135934680069754e-02,-1.299188567599437669e-02,2.490263493981318549e-02,4.672688516049527258e-02,-3.598815084341504961e-02,-1.282619538576011513e-02,5.014504883505759708e-02,-2.198638934522259558e-02,-3.344194244052503540e-02,5.357609081245937217e-03,4.777394564592817028e-02,4.182137217718661509e-02
-3.016438392834934045e-03,7.446316564923237402e-02,-6.214681282968632925e-02,-3.829305054238932998e-02,-2.367332544672406600e-02,-7.233641872558715935e-02,-4.976502834642856921e-02,-4.238821101063575125e-02,3.953629096216011718e-02,3.654541241968205234e-02,2.190511308180504157e-01,2.610627958747969296e-02,5.386480440270909748e-02,1.838388179652811552e-02,5.462273934922890622e-02,-1.064697334884639468e-01,2.847398253873398288e-02,-7.270942836422647493e-02,6.094545365560749897e-03,-1.001165679994338864e-01,-8.415165857434518670e-02,8.813808646851022111e-02,-2.461386044484846145e-02,-1.426239569180673666e-03,-7.670620422095973667e-02,4.551143955197085866e-02,1.606933203222704609e-02,-1.297952982395035246e-02,8.317606833271522920e-03
1.042306765690846765e-01,-2.861389626550297702e-02,-1.159667020667478655e-02,-5.858510685056474848e-02,6.366445693676479889e-02,-4.474811991774298170e-02,-5.517385662017607745e-02,-2.489953417738830985e-02,-1.127846035145923555e-02,3.048139881159944546e-03,-1.928980996574696308e-02,6.008285134571316258e-03,8.643218149333807554e-02,6.751713085996705055e-02,5.736265604717116773e-02,-1.170471481247616248e-02,-2.150285833029996763e-02,4.422105100134690603e-02,-5.387233268666272168e-02,4.192208500245291070e-02,-3.820483955715127389e-02,8.185508872519423051e-02,2.500776843995495755e-02,4.308178950846913713e-02,3.918109069425422357e-03,4.602249156826553056e-02,-1.771880795256770488e-02,-6.157099245989607061e-02,-6.263136838885269286e-02
8.406552081383117381e-02,1.694164919272994271e-02,-3.425440255192820950e-03,-3.806439236976608825e-02,4.983211581497043463e-02,-2.379086079981684865e-02,-9.118089365844525562e-02,-3.439317806721650314e-03,-4.041832948233464035e-02,7.840496583300184813e-03,2.411837966182590193e-02,2.361753570647964762e-02,-2.464220806881370460e-04,1.378560456019352898e-01,-2.683246756195650784e-02,-8.857019803203648733e-02,7.136915406695028274e-02,1.763476226080771744e-02,-6.017305491240455134e-02,-2.076574742087054434e-02,-6.961587661087687180e-03,-1.448268038664680610e-02,-4.738187125213266099e-02,4.142911260331273715e-02,-4.232546170506124722e-02,-6.197149897305993110e-02,-2.861600779073373083e-02,-7.394570085849411223e-02,-8.628388790202383418e-02
-5.907456796703769442e-02,7.112874585251358073e-02,-1.768959741107398523e-02,1.720630500316734299e-02,8.003561602575235551e-03,8.697546810906975692e-03,-5.922315382941454633e-03,-9.065003177029112846e-02,-1.769341941594947121e-02,-9.148047512064765724e-05,5.668332486217630278e-02,1.218292387430475882e-02,-3.227708082003794519e-03,2.989132086931662463e-02,-2.070193314653557756e-02,-9.974732383101032884e-02,5.199270594319966438e-02,-8.190531894013426684e-03,-8.683806775794271349e-02,-6.993614314034608814e-02,2.749812178121896836e-02,-6.804205970514992652e-02,-4.111131603782929023e-02,-2.391117473075054373e-02,-4.553010281850272678e-02,-8.976990230738150778e-02,-7.771061272218070248e-03,-2.830196824449418558e-02,-2.866784845505878851e-02
-1.222392860125026681e-02,6.296784916564253376e-02,-1.500724194013263292e-03,3.915969465767409063e-03,-6.224141869804416388e-02,-3.028008901981280900e-04,5.556210395234064542e-02,3.417367042910104957e-02,4.403139300069099787e-02,1.072774035833117673e-02,9.020449196704680150e-02,1.288374463999173228e-02,5.179040753065883990e-02,-2.141488780319853943e-02,4.116381520104742120e-02,-3.065976953095629273e-02,-1.464589626062283607e-02,-7.347675517344426366e-02,4.466744948056365627e-02,-4.750671123879646185e-02,-3.817213524829678878e-02,5.621911842505375456e-02,-4.210003405255603737e-03,-5.520269886590848003e-03,-2.283378274926891119e-02,5.241082014456344140e-02,4.464895825788191969e-02,6.117840388378980448e-02,7.991522305750763111e-02
9.330570735169479990e-02,1.235152990289651795e-02,-1.497643652367312318e-02,-4.812928397099712485e-02,7.544960474346859569e-02,-3.387185982248019922e-02,-9.329345777778387527e-02,-3.469044989414540869e-02,-3.594224893386815944e-02,-5.285677143135648209e-03,7.078567391299900487e-03,2.255577272587391477e-02,9.653101586564226747e-03,1.319451977515397889e-01,-1.998606473488174703e-02,-9.354009789623979332e-02,7.275075272802276893e-02,1.769472558238747648e-02,-6.563685942562588749e-02,-1.916140865730321316e-02,-2.485196930480642469e-02,-2.779314868532331562e-02,-5.082277490772419554e-02,2.399464586327897803e-02,-5.350295510250823589e-02,-6.591766834639320449e-02,-3.793897031408725168e-02,-7.235153115240318400e-02,-8.337005638614336522e-02
6.106084445484841194e-02,2.953214192108669436e-02,2.572107878288443401e-03,-2.199931555547241305e-02,6.727010946511075007e-02,-3.666531951986749804e-02,-8.660267207067470774e-02,-3.866027326588345608e-02,-1.123365043133931276e-02,-3.602230241250405779e-02,-3.889411139960592678e-02,1.900230985002010486e-02,2.132556933116493830e-02,1.445949729076653201e-01,-5.533824944613227603e-03,-2.178585690630484642e-02,6.211617962940246124e-02,-1.453246411734827534e-02,-3.654237341876810652e-02,8.112579308173229961e-03,-2.660881601583826514e-03,-6.222754536796206576e-02,-6.965442663621419783e-02,2.808745804117560724e-02,-6.829300217119320393e-02,-5.023716622443016172e-02,-2.249636011798516327e-02,-8.201070808955804314e-02,-8.711369097043238086e-02
-1.137816617860744062e-01,3.179469555564495755e-03,3.429393336013793203e-02,2.713072053268935149e-02,-7.054719169047200811e-02,-1.760496149384695175e-02,9.699406438676057979e-03,8.734525218085822940e-02,-1.372519840209734769e-02,-4.838265801061649579e-02,-1.050282474569433529e-02,7.618829808521804768e-03,-6.485066271492272161e-02,4.938775776806737100e-02,-5.879770905718340046e-02,1.535952029592063152e-02,8.719751243629296489e-02,-3.585763677540607878e-03,-1.720521493921788395e-02,2.869083648826090821e-02,7.313847048795582562e-02,-4.808284040288639954e-02,-3.026221412175849126e-02,2.431121612255177783e-02,-2.821093426219788494e-02,-1.049118789468867913e-01,1.843977868092250630e-02,9.350298222743277932e-02,9.158244141150495565e-02
-2.925212440830136928e-02,6.089406467277388296e-02,2.772948974129156585e-02,4.429237356145643983e-02,-5.203021530140942291e-02,2.459201611171271326e-02,5.107959245747960564e-01,-1.219691007742249172e-01,4.236882675493774952e-02,-2.927155062265679453e-02,5.474702712283805450e-01,-1.721110398305689473e-02,5.461721717008667376e-01,3.161431215975156472e-02,6.458830810549079371e-02,-4.388396204672181944e-02,-5.435033308844688243e-02,-3.791229830227760833e-01,-8.625752933997117913e-03,-3.464753677638175988e-01,-7.792956329264055793e-02,3.731729545301048362e-02,-4.140109900487441708e-02,1.586143816801574005e-03,-2.093711047856056801e-02,6.947756207464848843e-02,2.484981287703090513e-02,1.027511540561512060e-01,1.380367326956496443e-01
-1.557426193898115395e-02,1.054100488921521750e+00,-8.358822923481700959e-03,3.822310408614082444e-02,-5.621899604571946318e-02,-4.819306694184651019e-02,5.343773420556725551e-01,-1.285123958600858096e-01,6.678964034811164796e-02,-4.641218928325802767e-02,3.034212010378479207e-01,-1.244340372040023991e-02,4.602253852746711615e-01,-1.013565194956039667e-01,7.916232255164663556e-01,-7.602051594303491089e-02,-8.498572308048968349e-02,-2.355622171221936900e-01,-1.818326078505155818e-02,-4.138349003638836510e-01,-3.444671046666827330e-01,6.687963721192470568e-02,-3.441066030010055815e-02,-1.274997110639973681e-02,-1.110731141988717363e+00,5.385176759734388030e-01,2.380250831161158931e-01,2.554274054257329230e+00,5.990959771866146560e-02
-3.428135351640173439e-02,1.177089441228959393e-01,3.466857418494465742e-02,8.873100574109680019e-04,-3.475866425060458731e-02,1.492395985054021171e-02,1.099070561367882226e-01,3.162875193382617967e-03,1.179812935796802215e-01,4.969343070477180713e-02,1.521510564915531105e-01,1.923682202179258574e-02,1.254086047157731421e-01,2.327626656770812041e-02,1.101118423051528211e-01,1.596931897732012037e-02,-5.076866399197534768e-02,-9.302472337671136016e-02,9.913514430768015362e-02,-6.471169218496344855e-02,-4.296569648490835419e-02,1.626886398309737580e-01,-3.220552532732970483e-04,3.195324927966698703e-02,-5.254968104572034678e-03,1.163764263180261244e-01,9.745329553590705018e-02,1.015838080662325588e-01,1.455400766518089306e-01
2.440891274853631276e-01,9.383762503806807043e-02,9.867056848170223382e-02,-4.691826150730156290e-03,1.170445970348784476e-02,6.100591800522854602e-02,1.718788518796174336e-01,-9.756977878254044501e-02,-2.113759522270085983e-02,5.861905281206810508e-02,1.851926039555609749e-01,-3.030086004120907672e-02,-2.560503328715481308e-02,8.528477691121344462e-02,3.963356359629631454e-02,-3.607539366178924567e-02,-1.705179564508159731e-02,-1.124375702574060276e-01,-5.078552197074640701e-02,-6.780762710061474970e-03,-6.857154975908613670e-02,6.523736234761937092e-02,-1.246668717840840462e-01,4.783123371773481680e-02,-5.158568400087162192e-02,8.089874000269761667e-02,3.401221303624078068e-02,1.566585986730860691e-01,1.780641923800437565e-01
-1.734021244745269641e-01,-1.979947553046135234e-02,-1.064104630362099589e-02,4.122518018243230553e-02,-3.612722826525548159e-02,-4.048954075274335818e-02,-1.255203539334695008e-02,1.937322701967728522e-03,6.345032783366253391e-03,-9.406756580216335539e-02,-5.382592654934175574e-02,1.828400824420838358e-02,-1.704835444367849145e-02,3.461945951975198277e-02,-4.692072764752932418e-02,-4.181724145937186499e-02,2.788031089007324548e-01,-3.070861030795993610e-02,-4.086074570154774738e-02,-4.507139569467932816e-02,7.959940856387368036e-02,-5.990143554128408293e-02,-4.417989335314383148e-02,3.377474763417646908e-02,-3.992503199775192940e-02,-5.184782566820808625e-02,-2.338911058895916037e-02,1.114092537962286245e-01,9.502278740195137241e-02
3.454163871236547168e-02,-6.011224875241685459e-04,1.935250481151009130e-02,1.458139740207217185e-02,2.387694037384200871e-03,5.847475275273041756e-02,4.999341863839064370e-02,7.812636289244459520e-03,3.858998265648681814e-02,3.126944045735886857e-02,2.695716528511423338e-03,-1.382037640970461279e-02,-5.128230322357863608e-03,-1.191001536663429360e-02,2.356695718684510485e-02,7.536261510384172253e-03,-3.934709023599027716e-02,4.262336823925594320e-02,6.986636856999368927e-02,3.311541694638277938e-02,6.210122947882495276e-02,2.245246701585824206e-02,4.685300907914116686e-02,2.909844574924003776e-03,7.543788285919809933e-02,4.886507455688120227e-02,2.943959963674936536e-02,9.060260512922928625e-03,2.590511591430545713e-02
-7.093009350334714136e-02,3.469223708825316943e-02,5.956232606785656115e-03,5.132539249488528126e-03,4.866410572298898729e-02,-5.554719798304427053e-02,-2.811550262393660085e-02,2.061676599264722614e-03,-3.754938967581281095e-02,-3.497252115215553070e-02,-6.064360527364713593e-02,4.328402312646395175e-03,-2.001536054621523911e-02,5.563825871204405860e-02,-6.595837967856243989e-02,-4.550100535379817540e-02,9.334564932125294368e-02,-4.143932872309068205e-02,-7.473474148239876019e-03,-6.584237162475153719e-03,5.211196336028005305e-03,-1.212816888077192928e-01,-1.032467361804003531e-02,1.322090050665869010e-03,-6.613825888180235868e-02,-1.002479667094839377e-01,-8.773349829772901162e-03,-6.566957794641804791e-02,-6.722494294555618477e-02
-1.404325287536684619e-01,-5.956287364575658938e-02,7.133699736569090732e-02,6.706517115777037297e-02,-1.150678794146988843e-01,2.722323545185616547e-02,5.866276335569468176e-02,9.338198459305684096e-02,1.920358878446426845e-02,-5.068963595909778408e-02,-6.683216417533431597e-02,-1.828698381384896016e-02,-2.445637385850851428e-02,1.174718120763525511e-02,-4.811855106060922704e-01,1.011262549650721460e-01,-1.491874493884710494e-03,-2.382983176959838773e-02,4.520999394865292398e-02,1.247071531392622903e-02,5.457140582455100725e-02,-9.541679534700831314e-03,-1.718474061144057222e-02,7.005991904919252333e-02,1.830493733734171041e-02,-1.048512197524539662e-02,4.407429962466907075e-02,1.682790023925042830e-02,1.040492648750255926e-02
-5.503703751810441747e-02,1.511146451111744851e-02,-9.258245540593455433e-03,-4.380246696135958739e-03,6.967881377395278297e-02,-2.742510538210705257e-02,-3.293034188937430523e-02,-8.611229441171831811e-02,-8.045892872983073651e-03,-1.186096087833320156e-02,-7.312960417896760545e-02,-1.184230596709287542e-03,-6.882334036588429182e-02,1.250531246648873412e-02,-4.968708804833608939e-02,-2.022556365722660496e-02,6.467646786591012276e-02,-1.879269688632706145e-02,1.382563532155581081e-02,-1.903357752386111712e-02,-1.620838837091411605e-02,-7.519309273169728913e-02,-1.165830137165263514e-02,-6.705197080944007293e-02,-3.503093632657103967e-02,-9.141004862382380580e-02,-1.187914840256497524e-02,-7.952563188645066228e-02,-8.034417895960647982e-02
7.880463917272231833e-02,-4.602068791795173308e-02,-2.489484709678803365e-02,-5.889484826804357136e-03,2.194536373941937193e-02,7.875639422338630291e-02,1.181152245605119125e-02,-8.191037557323187224e-02,6.153969407966312921e-02,4.305228040988439697e-01,-6.861886539583726685e-02,-2.549960362399192326e-02,-5.110342399290005583e-02,-2.459022239350495964e-03,3.411412945859296220e-02,-4.771117007934363441e-01,-4.094156293916547118e-01,8.832403094696042456e-02,9.546451091211642648e-02,2.350914340064458319e-01,6.044146869744727174e-02,-1.714916003492670399e-02,6.269487927884768996e-02,-4.912732505767442026e-02,8.329489349470431403e-02,7.155161332669653096e-02,4.038440953700205699e-02,5.461878754579548856e-01,3.486312519105613794e-02
-5.701269841294701046e-02,-1.252039136428147702e-02,-1.866677260253228610e-02,-8.966161257525374559e-03,7.113618523077680500e-02,-1.482707048204515675e-02,-5.767879221534464446e-02,-1.373106596131462749e-02,-1.760708352572535815e-02,-2.145027599588194070e-02,4.112303530508827284e-03,-6.476540423669479955e-03,-7.354005146929726289e-02,2.115376782131669214e-02,-2.887125855406870098e-02,7.581926018021462044e-02,6.685976667865412004e-02,1.441234265145325232e-02,-1.712282599324145517e-03,1.315551274847622659e-02,-3.088149962077699293e-03,-4.370049012886735931e-03,6.883960358324894835e-02,-4.944609875048735365e-02,1.015624787874991677e-02,-1.282933349800218642e-02,-1.726920558681217105e-02,6.361796950872083967e-02,5.373950969678051304e-02
1.582672985449944808e-02,7.800313916098575162e-02,-1.711997753808630271e-02,-3.599623234107539038e-01,3.491587583428807512e-02,-2.191571730247551461e-02,8.929113994891347064e-03,-8.274527298584731516e-02,1.195090971062466242e-02,2.540202640073745827e-02,1.158382612877899981e-01,2.659022919656369235e-02,4.200172176715080002e-02,2.183768317310976967e-02,-1.338023098097231023e-02,-8.099311944231661620e-02,1.242553368462124067e-02,1.142976898716883613e-02,-2.471376493549106573e-02,-4.585820884297757416e-02,-3.763576383510298853e-03,2.799931181131425778e-02,7.947772885221486908e-03,-1.792541536910813998e-02,-2.808410894399186730e-02,-4.397870489300427510e-02,-2.169607539481459638e-02,-1.674686396521947104e-02,-1.618647888457645442e-02
-9.010804560640633953e-02,3.116318968764300590e-02,8.650447979028603324e-03,3.777888961993947081e-02,-2.744895976480819094e-02,-4.546031926884374665e-03,-2.058710410233732455e-02,-3.217403072805556912e-03,-3.327062648672467725e-03,-4.000380005630201075e-02,5.117252538280823992e-02,7.134572392432533133e-03,-1.501042753195563385e-02,5.488199237343435732e-02,-3.454328089291461984e-02,-3.373369032067413675e-02,2.996962653681613242e-02,-9.590863891830808674e-03,-5.321092997780505623e-02,-4.425353311817520341e-02,7.404254369791951618e-02,-2.160387813686222638e-02,-1.666226714141327489e-02,3.651163062943408449e-02,-3.470806709391373313e-02,-6.355322116275255451e-02,-7.835950009775142014e-03,4.634186340025323730e-02,3.600482879888347587e-02
-4.112859717140938953e-02,1.867272800883840525e-02,1.477437712510401221e-02,9.162275340056610581e-03,-1.187019016187555081e-03,-4.844614527466261505e-02,-2.032860110621578439e-02,2.947746355937612764e-02,2.340751241834936915e-03,-5.037960674357849084e-02,-4.506949975815124909e-02,-1.927553648630177816e-03,2.584565264219438122e-02,3.286800169857376219e-02,-9.110446641481416072e-03,-2.586552461520506049e-03,4.089230366656778082e-01,-3.011708723735778692e-02,-8.575401660164481965e-03,-2.331035052699618505e-03,9.762279850115629376e-03,-6.690676756577472462e-02,-1.973597263449580058e-02,2.773265558329475813e-02,-3.740308342411084036e-02,-2.600518952340666323e-02,-3.359999365268315826e-03,-6.823520813370498317e-02,-7.251784071558033118e-02
-6.676051929108926808e-02,-4.919085610687679716e-02,2.505339747075792725e-02,-1.341874483344929550e-02,-5.784242580558571212e-02,3.450424581198578006e-02,7.519350890887066541e-03,-1.071473729522289496e-02,-4.738623798426572220e-03,-1.773596595089895270e-02,-4.693082569899603533e-03,-1.757728950307621205e-02,-6.607834282957923688e-02,6.338994223853791632e-02,-3.839009638142552860e-02,4.200296353022057311e-02,5.032425679182925965e-02,1.400591300704858572e-02,-1.035227321354851085e-02,1.263593462152924098e-02,2.888308260886342932e-02,-6.337817936838231747e-02,-2.526427222634971062e-02,3.585720603104967930e-02,8.136135104125217414e-04,-2.673031042276002509e-02,2.523884323723141546e-02,9.331457614608465456e-02,9.951822397358012218e-02
3.316989565470234574e-02,5.201563559118814808e-03,-6.246614545384452169e-03,3.123853094437689659e-03,-1.544677026446963225e-02,1.286979390006250980e-02,-2.733626977225736554e-02,8.173611746713527193e-02,7.294707875468148597e-03,-5.016739811986871134e-01,-1.982644292621590573e-02,1.764819611064318700e-02,-1.256229215006732583e-02,1.646812707601209499e-02,-4.246382496587746552e-02,7.199740799281914017e-01,1.661311513666514222e-02,3.336159140184256130e-03,1.965565164977004300e-02,8.721160728855431241e-03,5.372338845365776799e-02,-9.143556657491015704e-02,2.284185731829560875e-02,3.188670605197667374e-02,5.555650917531010022e-03,-5.342694740343586352e-02,-2.415232551109194881e-02,1.136204055647794999e-03,-2.886426268098442327e-02
1.920383996122011425e-02,-2.316693989768789375e-02,1.383857247458612078e-02,1.242442838269775668e-02,-1.805694711615201536e-02,1.510688067182962800e-02,-1.117049625190233951e-02,1.096544432428542409e-01,1.139039072329078384e-03,-2.464347041990799445e-02,7.900116852606641968e-03,9.243323501937121545e-03,-2.243137267548104066e-02,1.397526427124889947e-02,-3.238431290955393060e-02,6.289628868518565286e-02,1.909233882120118381e-02,1.047697440767401955e-02,9.088646658532831268e-03,1.924141437669128762e-02,5.108737424655893089e-02,-4.775853518466919440e-02,3.413084856261970612e-02,5.531742174364248643e-02,3.684198962160986727e-05,-2.993041728159377343e-02,-1.365955347711611707e-02,4.649685912837875357e-02,1.368737903588784430e-02
2.276158661679251669e-02,3.727870735280025549e-03,-5.191537219648374550e-03,2.224782260518369699e-03,-1.063868806185712043e-02,1.071571351578435270e-02,-3.349825497009101954e-02,8.101285714627508294e-02,1.154124107936799898e-02,-5.082302579217748972e-01,-2.534793866296582154e-02,1.806304114556837870e-02,-1.950767787060642827e-02,2.103398512827017730e-02,-3.815194149576171118e-02,7.549198551572223748e-01,1.675982584038592307e-02,1.844712403029703665e-03,2.425466728074978165e-02,4.658719203551624742e-03,5.362372233485934725e-02,-9.199201473815327157e-02,2.078084031136973389e-02,3.933435377034530389e-02,8.869965095873209165e-03,-5.477025044212489174e-02,-2.131522843990581520e-02,1.862907322304263591e-02,-1.351450562611085024e-02
-1.089128807165461871e-02,-1.143465234245417614e-02,-5.285355574151979910e-04,1.107658983609364003e-02,-1.162604171364648060e-02,7.091114349844690468e-03,-1.686916865648568561e-02,6.803817274570550522e-02,-3.825017793389507304e-03,-2.652979248410604687e-02,-3.674461006583443386e-03,8.847840071457231670e-03,-3.014457463824355213e-02,-1.482843712158009482e-02,-3.449303720778126858e-02,3.719506209937062380e-02,5.456495728252604496e-03,4.333909412873897769e-03,-1.834757916856801212e-03,4.780321828875617150e-03,3.329094343678816459e-02,-5.565554125770974525e-02,2.572616044504039134e-02,5.194299896027015917e-01,-1.119507115889203930e-02,-3.928439075743239001e-02,-1.941080226617403204e-02,1.493250763309345377e-02,-1.107632162661985505e-02
2.255895711715455443e-02,7.307889455148293759e-03,-3.935970586900218969e-03,9.926045871759849298e-04,-8.557627643483559782e-03,2.132621941789439313e-03,-2.832634082148233548e-02,6.438246964190812160e-02,7.284120271049993912e-03,-4.617631332281381673e-01,-1.538463495112684862e-02,1.568602674142388631e-02,-1.045443568054280070e-02,1.432569587182973628e-02,-3.285373819418282992e-02,7.279984336260522104e-01,1.515896885674239934e-02,5.264670474073955813e-04,2.024435408413089235e-02,4.616390124910156600e-03,4.736100073778724134e-02,-6.982509753218253679e-02,2.021506276346016900e-02,3.147672775508642690e-02,4.213715991997560306e-03,-4.623464766800897824e-02,-1.761104777428874890e-02,9.664744529772674800e-03,-1.695105499972273180e-02
-2.047609385652727348e-02,6.629084812792099615e-03,-1.007493188539082887e-02,-1.993925764543215060e-02,8.230883195842059186e-02,-4.130492218499992596e-02,-5.189340790629125982e-02,-8.763822098558810003e-02,-1.084584609746603277e-02,-5.705670839164406725e-03,-5.888039738420662583e-02,9.935164262578070199e-03,-8.856382689042413547e-02,-1.481235496275058565e-02,-5.993123295136671552e-02,-7.770173464482822874e-03,8.087303841015067163e-02,1.008098894529987390e-02,1.910144524401677715e-02,-1.070804838175400640e-02,-2.372525474774765664e-02,-3.267233881829515602e-02,3.766071443374893746e-02,-9.815017769382133883e-02,-2.789127461922964041e-02,-1.028820222038405591e-01,-2.392040150392250528e-02,-1.179120960081716518e-01,-1.185031898398947181e-01
